,region,hemisphere,CN,MCI,AD,AD-CN,feature
0,S_oc_middle_and_Lunatus,Right,4.56659221245165,4.66577128678486,4.05706268747982,-0.509529524971833,area
1,S_temporal_transverse,Right,6.04680539865909,6.0989054912059,5.609612918059,-0.437192480600093,area
2,S_front_sup,Right,2.91828016580372,2.9042047324505,2.68980312243254,-0.228477043371182,area
3,S_subparietal,Right,3.77244120355577,3.8528606592754,3.23997600848213,-0.532465195073649,area
4,G_temp_sup-Plan_polar,Right,4.70986431900769,4.52173666590898,4.37340615250725,-0.33645816650044,area
5,G_and_S_transv_frontopol,Left,3.48035116895356,3.85786464243871,2.5831250130587,-0.897226155894869,area
6,G_rectus,Right,6.30705551566278,6.52629347368154,5.58146996383938,-0.725585551823392,area
7,S_orbital_lateral,Left,2.75851668027441,3.57074992297653,2.16890458530459,-0.589612094969827,area
8,G_cingul-Post-dorsal,Left,4.93724892771789,5.10336670544242,4.03921775422941,-0.898031173488477,area
9,G_and_S_cingul-Mid-Ant,Left,3.42009414882332,3.5509380574994,3.20168714675146,-0.218407002071861,area
10,G_front_inf-Orbital,Right,3.561536941595,3.76630321773846,3.28220452863607,-0.279332412958921,area
11,G_temporal_inf,Left,4.85526884055637,4.93595022470582,4.20439042667334,-0.650878413883036,area
12,Pole_occipital,Right,3.13725474146095,3.41932589697073,2.64220673840425,-0.495048003056707,area
13,S_central,Right,4.02719496918018,4.42968740209014,3.18798964884259,-0.839205320337585,area
14,G_temp_sup-G_T_transv,Left,5.015454320392,5.29511899380185,4.21352022940574,-0.801934090986268,area
15,S_orbital_med-olfact,Right,3.06486555889309,3.12855061723774,2.82344075508341,-0.24142480380968,area
16,G_oc-temp_med-Lingual,Left,5.26453557076115,5.53574199665075,4.32464471880685,-0.939890851954305,area
17,S_oc_sup_and_transversal,Right,3.46228688858543,3.53494325715308,3.10583898872294,-0.35644789986249,area
18,S_calcarine,Right,3.73423639598412,3.82931000766354,3.11979849249458,-0.614437903489541,area
19,S_front_middle,Right,4.13816744634598,4.36219045013633,3.57763090783852,-0.560536538507458,area
20,S_parieto_occipital,Left,5.20852358740371,5.46985656021364,4.4610287914016,-0.7474947960021,area
21,G_and_S_cingul-Mid-Post,Right,3.29191113421679,3.33638652990132,2.98763219107995,-0.304278943136842,area
22,G_front_inf-Opercular,Left,3.47476622179469,3.6514922183177,2.90149694556671,-0.573269276227975,area
23,S_front_inf,Left,3.70955828873303,3.91691866790837,3.10565222283081,-0.603906065902223,area
24,G_occipital_middle,Left,5.54162821192162,5.89435512211488,4.45272075949815,-1.08890745242347,area
25,G_and_S_subcentral,Right,4.21211689122792,4.38590163359974,3.78620306843168,-0.425913822796239,area
26,G_subcallosal,Left,4.10312709509969,4.06577352763423,3.72222115263532,-0.38090594246437,area
27,Lat_Fis-post,Right,3.45825031899329,3.60237805779177,3.17034740464888,-0.287902914344414,area
28,S_circular_insula_ant,Right,3.1995538845587,3.27491725168588,3.30347500746762,0.103921122908921,area
29,S_circular_insula_inf,Right,3.28593493896195,3.25161987110088,3.2028901101448,-0.083044828817147,area
30,G_and_S_occipital_inf,Right,3.45604454598336,3.52662793058319,3.17316305056849,-0.282881495414871,area
31,G_front_inf-Triangul,Right,4.34017387759567,4.81678727360873,3.70056548492211,-0.639608392673558,area
32,S_intrapariet_and_P_trans,Right,2.61487758090034,2.76552374556632,2.19505446327107,-0.419823117629272,area
33,G_temporal_middle,Right,4.12142087355847,3.97148179187738,3.92821734523419,-0.193203528324283,area
34,S_postcentral,Left,2.21846645767148,2.33869412553555,1.8407731467602,-0.377693310911272,area
35,G_temp_sup-Plan_tempo,Right,3.82756505434298,3.91503455879482,3.22887151776897,-0.59869353657401,area
36,S_orbital-H_Shaped,Left,2.86274230021108,2.94756693278618,2.73874302991405,-0.123999270297023,area
37,G_precuneus,Left,3.25427928543026,3.39812039443779,2.50797571131769,-0.74630357411257,area
38,G_front_middle,Left,3.77459756963483,4.10295261790218,3.04708839014131,-0.727509179493515,area
39,G_oc-temp_med-Parahip,Right,5.04184192823268,4.84720256223201,4.55382841577705,-0.48801351245563,area
40,S_suborbital,Left,3.82406287284765,4.05626412373101,3.18044518500957,-0.643617687838083,area
41,G_pariet_inf-Supramar,Right,6.0075011085101,6.15130129312004,5.29419886040688,-0.713302248103223,area
42,S_precentral-sup-part,Right,3.0586584064078,3.19410227016032,2.66993914614891,-0.388719260258894,area
43,G_and_S_transv_frontopol,Right,4.90063982399582,5.3711149217833,4.00135917509426,-0.899280648901551,area
44,S_interm_prim-Jensen,Right,5.20001564120639,5.47174463213436,4.23394237850459,-0.966073262701796,area
45,S_precentral-inf-part,Left,3.32015201042761,3.48276771738022,3.08978937040155,-0.230362640026057,area
46,G_cingul-Post-ventral,Right,3.06473342096292,3.21986439265836,2.83345488581792,-0.231278535144997,area
47,G_cingul-Post-dorsal,Right,4.54955773061628,4.60094275790378,4.08512704453574,-0.46443068608054,area
48,S_collat_transv_ant,Right,3.50035144359683,3.36175667101764,3.56974519428271,0.0693937506858817,area
49,G_and_S_cingul-Mid-Ant,Right,3.274326086762,3.31266907233521,3.14912677425868,-0.125199312503314,area
50,S_temporal_sup,Right,4.01324159283685,4.01053109279581,3.72971541599224,-0.283526176844617,area
51,G_parietal_sup,Left,3.05577697465728,3.42707406721677,2.29305455670581,-0.76272241795147,area
52,S_pericallosal,Left,5.88148631120229,6.24757743378136,5.14798246588733,-0.733503845314968,area
53,G_Ins_lg_and_S_cent_ins,Right,4.50404288819523,4.45216701747812,4.12571389275915,-0.378328995436084,area
54,S_occipital_ant,Left,3.50222570950965,3.77037366313432,3.07016480706831,-0.432060902441343,area
55,Lat_Fis-ant-Vertical,Right,4.20707520742614,4.45611451731483,3.83195326295521,-0.375121944470937,area
56,G_temp_sup-Lateral,Left,4.72397012476154,4.94357399844439,3.93955483034262,-0.784415294418922,area
57,G_and_S_paracentral,Left,2.87554821828623,3.11662967438113,2.44727963123763,-0.428268587048603,area
58,S_parieto_occipital,Right,3.14491917569722,3.36079082790873,2.61423971943652,-0.530679456260705,area
59,G_and_S_frontomargin,Left,3.48412194832086,3.72778550615122,2.99431754065978,-0.489804407661072,area
60,G_occipital_middle,Right,5.51552212019638,5.72430568267872,4.8198928896688,-0.69562923052758,area
61,Pole_temporal,Left,5.55108773716198,5.63317174941413,4.8374487977794,-0.713638939382586,area
62,G_postcentral,Left,2.91815259063291,3.41300218957445,2.13421763769816,-0.783934952934749,area
63,S_oc-temp_med_and_Lingual,Right,2.67955501771865,2.54335581766461,2.53682120837268,-0.142733809345978,area
64,G_front_sup,Left,3.37425961490284,3.44002975150024,2.88307172059704,-0.491187894305802,area
65,G_orbital,Right,3.94068356153133,4.08358830006952,3.68139557733008,-0.259287984201246,area
66,S_circular_insula_sup,Left,2.9659088854278,2.74911138863884,2.75374893480985,-0.212159950617951,area
67,S_cingul-Marginalis,Left,3.63627044562789,3.80718683596916,3.07046050653902,-0.565809939088878,area
68,G_cuneus,Left,7.71802986250357,8.27987485935855,6.19721694859898,-1.52081291390459,area
69,G_and_S_cingul-Ant,Left,3.70819672821043,3.79958728339455,3.25333787778872,-0.454858850421713,area
70,S_temporal_inf,Left,4.24769622727104,4.33656692761671,3.82012615078863,-0.427570076482412,area
71,S_oc_middle_and_Lunatus,Left,5.00213464544193,5.21804748585942,4.18603070637169,-0.816103939070247,area
72,S_temporal_transverse,Left,2.90034615801695,2.96442531900931,2.33041204909324,-0.569934108923704,area
73,S_oc-temp_lat,Left,6.06145983898489,6.08300229254238,5.12194115849336,-0.93951868049153,area
74,S_front_sup,Left,2.85133937626898,3.00448015168812,2.42571140708559,-0.425627969183389,area
75,S_subparietal,Left,4.28863291498338,4.15629475787462,3.77353279489447,-0.515100120088907,area
76,G_temp_sup-Plan_polar,Left,4.82325296686542,4.88237649295427,4.17964733593198,-0.64360563093344,area
77,G_oc-temp_lat-fusifor,Left,4.6531163312652,4.72611209274292,4.04161440448367,-0.611501926781532,area
78,G_pariet_inf-Angular,Left,5.45596858111481,5.80048326748202,4.34497322918035,-1.11099535193446,area
79,G_occipital_sup,Left,5.72724367034095,6.26094451398483,4.54249246163956,-1.18475120870139,area
80,S_precentral-inf-part,Right,3.14716494839239,3.37065059851162,2.82677514191263,-0.320389806479757,area
81,G_rectus,Left,4.07003988288328,4.20543187747053,3.56724602011736,-0.502793862765919,area
82,S_orbital_lateral,Right,4.52982160514093,5.06391717147246,3.88383878955877,-0.645982815582152,area
83,S_pericallosal,Right,3.85939574548253,4.15923021932512,3.38988601624498,-0.469509729237553,area
84,S_occipital_ant,Right,3.87553807789754,3.81983319591359,3.70109590178316,-0.174442176114383,area
85,G_temporal_inf,Right,4.39441852107752,4.12997328731753,4.1926362067764,-0.201782314301121,area
86,S_orbital_med-olfact,Left,3.6113585189275,3.5861036529652,3.3493088023829,-0.262049716544603,area
87,G_temp_sup-G_T_transv,Right,4.48300582089003,4.40377380060024,4.22822016463493,-0.254785656255104,area
88,S_calcarine,Left,4.73033062415099,5.03660294118367,3.98014550924628,-0.750185114904704,area
89,G_oc-temp_med-Lingual,Right,3.48581658664863,3.48240942728704,3.18919927439193,-0.296617312256702,area
90,G_and_S_frontomargin,Right,4.49398089653921,4.9955392339625,3.81025863581406,-0.683722260725142,area
91,G_and_S_cingul-Mid-Post,Left,3.67319421500478,3.8618889907012,3.34502313001213,-0.328171084992649,area
92,G_front_inf-Opercular,Right,5.11611412139611,5.43568952527735,4.43787961067651,-0.678234510719603,area
93,G_postcentral,Right,6.15417297984151,6.6274766923596,5.04867436581234,-1.10549861402917,area
94,G_and_S_subcentral,Left,3.29546026494134,3.34249938682928,2.89237522472197,-0.403085040219374,area
95,S_front_inf,Right,4.12982165523757,4.43894710347194,3.65396536153567,-0.475856293701897,area
96,G_precentral,Left,2.86088966405395,3.15223195916336,2.4107855767274,-0.450104087326545,area
97,G_front_sup,Right,4.14415064428763,4.32189952864986,3.74406779147311,-0.400082852814513,area
98,G_subcallosal,Right,8.50240794266331,8.67062369368775,7.5421027708161,-0.960305171847212,area
99,S_circular_insula_sup,Right,4.2588073103257,4.37742530972491,3.77507736520903,-0.483729945116669,area
100,S_circular_insula_inf,Left,3.59815017900436,3.72956663563149,3.24514922554368,-0.353000953460682,area
101,G_and_S_occipital_inf,Left,3.06890935058526,3.28506605529353,2.51660589165355,-0.552303458931712,area
102,G_cuneus,Right,3.91901282319049,4.19785984982534,3.05838691304077,-0.860625910149715,area
103,G_front_inf-Triangul,Left,4.01918456653485,4.45467873187613,3.2731028456157,-0.746081720919146,area
104,S_intrapariet_and_P_trans,Left,4.20163653285761,4.40920882456879,3.46702304048195,-0.734613492375658,area
105,S_collat_transv_post,Left,3.37413203104914,3.24676333984694,2.96367875041549,-0.410453280633656,area
106,G_insular_short,Left,6.27941298621287,6.34615435298995,5.54374562429396,-0.735667361918909,area
107,G_temp_sup-Plan_tempo,Left,3.21300945016184,3.43607306523199,2.47599024762117,-0.737019202540675,area
108,S_postcentral,Right,5.0940682197668,5.37119864699062,4.25656446028128,-0.837503759485528,area
109,S_oc-temp_lat,Right,3.74697675701274,3.51626683414282,3.74213341257474,-0.00484334443799384,area
110,S_orbital-H_Shaped,Right,3.44841082297869,3.57759202178356,3.10912514783599,-0.339285675142702,area
111,G_oc-temp_med-Parahip,Left,5.09567856599265,4.94783775782606,4.2052131060862,-0.890465459906445,area
112,G_precuneus,Right,4.20091411548336,4.53021973557085,3.36514756338259,-0.835766552100769,area
113,Lat_Fis-ant-Horizont,Left,5.34805694684781,5.44395152993927,4.72999945558368,-0.61805749126413,area
114,G_front_middle,Right,4.74397956507257,5.09207191948474,4.06400394543269,-0.679975619639871,area
115,G_pariet_inf-Supramar,Left,3.49730424353284,3.6171682332103,3.01845372088019,-0.478850522652647,area
116,S_suborbital,Right,4.7224567713649,4.8993732301891,4.20143165206188,-0.521025119303018,area
117,S_precentral-sup-part,Left,2.00530045161095,2.04901131316899,1.69334695752481,-0.311953494086144,area
118,G_oc-temp_lat-fusifor,Right,4.45840258792261,4.21247567742384,4.56257742269064,0.104174834768031,area
119,S_interm_prim-Jensen,Left,2.52773209095883,2.49598101687318,1.85700601733241,-0.670726073626413,area
120,G_pariet_inf-Angular,Right,4.61484753587872,4.99567416416186,3.66864619480428,-0.946201341074449,area
121,G_occipital_sup,Right,5.44145537401118,5.63861507419944,4.61666557993879,-0.824789794072388,area
122,G_cingul-Post-ventral,Left,5.36924926205706,5.7275380430559,4.41734078809448,-0.951908473962575,area
123,S_collat_transv_ant,Left,6.63634436246606,7.01893938375465,5.73514294751861,-0.901201414947449,area
124,S_temporal_sup,Left,3.96724195273873,4.17034987926469,3.4623722124664,-0.504869740272329,area
125,G_Ins_lg_and_S_cent_ins,Left,5.4620351285934,5.388441614357,4.97550521518945,-0.486529913403956,area
126,G_parietal_sup,Right,4.02588749355495,4.23223831959149,3.38538428490129,-0.640503208653659,area
127,G_front_inf-Orbital,Left,3.56400823026953,3.71275781472221,3.11774944173418,-0.446258788535354,area
128,Pole_occipital,Left,4.7366388751028,5.09188764036375,3.93071870548672,-0.805920169616074,area
129,S_central,Left,1.59432476835643,1.97744437003481,1.07390992287313,-0.520414845483304,area
130,Lat_Fis-ant-Vertical,Left,3.05871183030328,3.02329980110494,2.76952211052843,-0.28918971977485,area
131,S_oc_sup_and_transversal,Left,5.24574344030015,5.56044508674301,4.00131204768262,-1.24443139261753,area
132,G_temp_sup-Lateral,Right,4.6670025927053,4.54585926919862,4.24882792693388,-0.418174665771424,area
133,G_and_S_paracentral,Right,3.69534677225755,4.02308545674547,3.07403835904793,-0.621308413209614,area
134,S_front_middle,Left,3.13578912901925,3.27491776133853,2.60262681385028,-0.533162315168973,area
135,G_precentral,Right,2.67335856973364,3.13068101516668,2.16514390387743,-0.508214665856213,area
136,Pole_temporal,Right,5.2576299505826,5.13984819273444,4.77201001913177,-0.485619931450827,area
137,S_oc-temp_med_and_Lingual,Left,5.68568814072314,5.92619460203519,4.94063987439784,-0.745048266325299,area
138,G_orbital,Left,4.00695359680672,4.15971057414287,3.57495953881618,-0.431994057990542,area
139,Lat_Fis-post,Left,2.32891363586458,2.32445424520481,2.19498725075295,-0.133926385111622,area
140,S_circular_insula_ant,Left,4.16223128026843,4.06807319737902,4.08458262994271,-0.0776486503257274,area
141,S_collat_transv_post,Right,3.13516647624267,3.05947685032728,2.86307372174918,-0.272092754493495,area
142,G_insular_short,Right,3.75633286022199,3.752433175951,3.67038492701417,-0.0859479332078261,area
143,S_cingul-Marginalis,Right,4.0411753553241,4.27692757809641,3.56911362741805,-0.472061727906047,area
144,G_temporal_middle,Left,5.95466233920947,6.18056428988592,5.14498949755788,-0.809672841651583,area
145,Lat_Fis-ant-Horizont,Right,2.64708088497207,2.96964906561445,2.26621718968084,-0.380863695291234,area
146,G_and_S_cingul-Ant,Right,4.21267178387176,4.2779131566236,3.77317010063117,-0.439501683240591,area
147,S_temporal_inf,Right,4.49308674812781,4.30030556627065,4.3483158382934,-0.144770909834411,area
148,S_oc_middle_and_Lunatus,Average,4.78436342894679,4.94190938632214,4.12154669692575,-0.662816732021041,area
149,S_temporal_transverse,Average,4.47357577833802,4.5316654051076,3.97001248357612,-0.503563294761898,area
150,S_front_sup,Average,2.88480977103635,2.95434244206931,2.55775726475906,-0.327052506277285,area
151,S_subparietal,Average,4.03053705926958,4.00457770857501,3.5067544016883,-0.523782657581277,area
152,G_temp_sup-Plan_polar,Average,4.76655864293656,4.70205657943163,4.27652674421962,-0.490031898716939,area
153,G_and_S_transv_frontopol,Average,4.19049549647469,4.61448978211101,3.29224209407648,-0.89825340239821,area
154,G_rectus,Average,5.18854769927303,5.36586267557603,4.57435799197837,-0.614189707294655,area
155,S_orbital_lateral,Average,3.64416914270767,4.3173335472245,3.02637168743168,-0.617797455275989,area
156,G_cingul-Post-dorsal,Average,4.74340332916708,4.8521547316731,4.06217239938258,-0.681230929784508,area
157,G_and_S_cingul-Mid-Ant,Average,3.34721011779266,3.43180356491731,3.17540696050507,-0.171803157287588,area
158,G_front_inf-Orbital,Average,3.56277258593226,3.73953051623033,3.19997698518513,-0.362795600747137,area
159,G_temporal_inf,Average,4.62484368081695,4.53296175601168,4.19851331672487,-0.426330364092078,area
160,Pole_occipital,Average,3.93694680828187,4.25560676866724,3.28646272194548,-0.65048408633639,area
161,S_central,Average,2.81075986876831,3.20356588606248,2.13094978585786,-0.679810082910444,area
162,G_temp_sup-G_T_transv,Average,4.74923007064102,4.84944639720105,4.22087019702033,-0.528359873620686,area
163,S_orbital_med-olfact,Average,3.3381120389103,3.35732713510147,3.08637477873315,-0.251737260177141,area
164,G_oc-temp_med-Lingual,Average,4.37517607870489,4.50907571196889,3.75692199659939,-0.618254082105504,area
165,S_oc_sup_and_transversal,Average,4.35401516444279,4.54769417194805,3.55357551820278,-0.800439646240012,area
166,S_calcarine,Average,4.23228351006756,4.4329564744236,3.54997200087043,-0.682311509197123,area
167,S_front_middle,Average,3.63697828768261,3.81855410573743,3.0901288608444,-0.546849426838215,area
168,S_parieto_occipital,Average,4.17672138155046,4.41532369406118,3.53763425541906,-0.639087126131403,area
169,G_and_S_cingul-Mid-Post,Average,3.48255267461079,3.59913776030126,3.16632766054604,-0.316225014064746,area
170,G_front_inf-Opercular,Average,4.2954401715954,4.54359087179753,3.66968827812161,-0.625751893473789,area
171,S_front_inf,Average,3.9196899719853,4.17793288569016,3.37980879218324,-0.53988117980206,area
172,G_occipital_middle,Average,5.528575166059,5.8093304023968,4.63630682458348,-0.892268341475525,area
173,G_and_S_subcentral,Average,3.75378857808463,3.86420051021451,3.33928914657683,-0.414499431507807,area
174,G_subcallosal,Average,6.3027675188815,6.36819861066099,5.63216196172571,-0.670605557155792,area
175,Lat_Fis-post,Average,2.89358197742893,2.96341615149829,2.68266732770092,-0.210914649728018,area
176,S_circular_insula_ant,Average,3.68089258241357,3.67149522453245,3.69402881870516,0.0131362362915968,area
177,S_circular_insula_inf,Average,3.44204255898316,3.49059325336618,3.22401966784424,-0.218022891138915,area
178,G_and_S_occipital_inf,Average,3.26247694828431,3.40584699293836,2.84488447111102,-0.417592477173292,area
179,G_front_inf-Triangul,Average,4.17967922206526,4.63573300274243,3.48683416526891,-0.692845056796353,area
180,S_intrapariet_and_P_trans,Average,3.40825705687898,3.58736628506755,2.83103875187651,-0.577218305002465,area
181,G_temporal_middle,Average,5.03804160638397,5.07602304088165,4.53660342139604,-0.501438184987934,area
182,S_postcentral,Average,3.65626733871914,3.85494638626309,3.04866880352074,-0.6075985351984,area
183,G_temp_sup-Plan_tempo,Average,3.52028725225241,3.6755538120134,2.85243088269507,-0.667856369557343,area
184,S_orbital-H_Shaped,Average,3.15557656159488,3.26257947728487,2.92393408887502,-0.231642472719862,area
185,G_precuneus,Average,3.72759670045681,3.96417006500432,2.93656163735014,-0.79103506310667,area
186,G_front_middle,Average,4.2592885673537,4.59751226869346,3.555546167787,-0.703742399566693,area
187,G_oc-temp_med-Parahip,Average,5.06876024711266,4.89752016002903,4.37952076093162,-0.689239486181037,area
188,S_suborbital,Average,4.27325982210628,4.47781867696006,3.69093841853573,-0.582321403570551,area
189,G_pariet_inf-Supramar,Average,4.75240267602147,4.88423476316517,4.15632629064354,-0.596076385377934,area
190,S_precentral-sup-part,Average,2.53197942900938,2.62155679166466,2.18164305183686,-0.350336377172519,area
191,S_interm_prim-Jensen,Average,3.86387386608261,3.98386282450377,3.0454741979185,-0.818399668164104,area
192,S_precentral-inf-part,Average,3.23365847941,3.42670915794592,2.95828225615709,-0.275376223252907,area
193,G_cingul-Post-ventral,Average,4.21699134150999,4.47370121785713,3.6253978369562,-0.591593504553786,area
194,S_collat_transv_ant,Average,5.06834790303145,5.19034802738615,4.65244407090066,-0.415903832130784,area
195,S_temporal_sup,Average,3.99024177278779,4.09044048603025,3.59604381422932,-0.394197958558473,area
196,G_parietal_sup,Average,3.54083223410611,3.82965619340413,2.83921942080355,-0.701612813302564,area
197,S_pericallosal,Average,4.87044102834241,5.20340382655324,4.26893424106615,-0.601506787276261,area
198,G_Ins_lg_and_S_cent_ins,Average,4.98303900839432,4.92030431591756,4.5506095539743,-0.432429454420019,area
199,S_occipital_ant,Average,3.6888818937036,3.79510342952395,3.38563035442573,-0.303251539277863,area
200,Lat_Fis-ant-Vertical,Average,3.63289351886471,3.73970715920989,3.30073768674182,-0.332155832122893,area
201,G_temp_sup-Lateral,Average,4.69548635873342,4.7447166338215,4.09419137863825,-0.601294980095173,area
202,G_and_S_paracentral,Average,3.28544749527189,3.5698575655633,2.76065899514278,-0.524788500129108,area
203,G_and_S_frontomargin,Average,3.98905142243003,4.36166237005686,3.40228808823692,-0.586763334193107,area
204,Pole_temporal,Average,5.40435884387229,5.38650997107428,4.80472940845558,-0.599629435416706,area
205,G_postcentral,Average,4.53616278523721,5.02023944096702,3.59144600175525,-0.944716783481961,area
206,S_oc-temp_med_and_Lingual,Average,4.1826215792209,4.2347752098499,3.73873054138526,-0.443891037835638,area
207,G_front_sup,Average,3.75920512959523,3.88096464007505,3.31356975603508,-0.445635373560157,area
208,G_orbital,Average,3.97381857916902,4.12164943710619,3.62817755807313,-0.345641021095894,area
209,S_circular_insula_sup,Average,3.61235809787675,3.56326834918187,3.26441315000944,-0.34794494786731,area
210,S_cingul-Marginalis,Average,3.838722900476,4.04205720703279,3.31978706697853,-0.518935833497462,area
211,G_cuneus,Average,5.81852134284703,6.23886735459194,4.62780193081988,-1.19071941202715,area
212,G_and_S_cingul-Ant,Average,3.96043425604109,4.03875022000907,3.51325398920994,-0.447180266831152,area
213,S_temporal_inf,Average,4.37039148769942,4.31843624694368,4.08422099454101,-0.28617049315841,area
214,S_oc-temp_lat,Average,4.90421829799882,4.7996345633426,4.43203728553405,-0.472181012464763,area
215,G_oc-temp_lat-fusifor,Average,4.5557594595939,4.46929388508338,4.30209591358715,-0.25366354600675,area
216,G_pariet_inf-Angular,Average,5.03540805849677,5.39807871582194,4.00680971199231,-1.02859834650446,area
217,G_occipital_sup,Average,5.58434952217606,5.94977979409214,4.57957902078917,-1.00477050138689,area
218,G_precentral,Average,2.76712411689379,3.14145648716502,2.28796474030242,-0.479159376591379,area
219,S_collat_transv_post,Average,3.25464925364591,3.15312009508711,2.91337623608233,-0.341273017563576,area
220,G_insular_short,Average,5.01787292321743,5.04929376447047,4.60706527565407,-0.410807647563368,area
221,Lat_Fis-ant-Horizont,Average,3.99756891590994,4.20680029777686,3.49810832263226,-0.499460593277682,area
222,S_oc_middle_and_Lunatus,Right,-2.20776724695639,-2.55953323050866,-0.690719456852334,1.51704779010406,curvature
223,S_temporal_transverse,Right,-1.68378336686715,-1.85071878548351,-0.393705949433971,1.29007741743318,curvature
224,S_front_sup,Right,-0.978499692309409,-1.58987365126438,0.547754332650131,1.52625402495954,curvature
225,S_subparietal,Right,-0.896550610306756,-1.11886484119242,0.233411358449115,1.12996196875587,curvature
226,G_temp_sup-Plan_polar,Right,-0.716019186907035,-1.03101665524994,0.913725296196198,1.62974448310323,curvature
227,G_and_S_transv_frontopol,Left,-2.07314185744868,-3.20577036682841,-0.465691195218132,1.60745066223055,curvature
228,G_rectus,Right,-0.605543298795647,-0.737439800650488,0.0589627555161113,0.664506054311758,curvature
229,S_orbital_lateral,Left,-1.15205324307876,-2.03168792585908,-0.0157819618309804,1.13627128124778,curvature
230,G_cingul-Post-dorsal,Left,-2.08008190291021,-2.29978109392464,-0.503683879461716,1.57639802344849,curvature
231,G_and_S_cingul-Mid-Ant,Left,-2.2499020553593,-2.67886303008986,-0.631505698954419,1.61839635640488,curvature
232,G_front_inf-Orbital,Right,-2.45271617924772,-3.22831684984771,-0.63263757157443,1.82007860767329,curvature
233,G_temporal_inf,Left,-2.38958894848901,-2.97099930255712,-0.426795694040451,1.96279325444856,curvature
234,Pole_occipital,Right,-1.96148444254434,-2.27351833617346,-0.683320086524595,1.27816435601974,curvature
235,S_central,Right,-0.617726103933436,-0.629064896830951,-0.124841371300529,0.492884732632907,curvature
236,G_temp_sup-G_T_transv,Left,-0.694307761461771,-1.02168058734456,0.283140353856667,0.977448115318438,curvature
237,S_orbital_med-olfact,Right,-0.628634349648709,-0.623109445449417,-0.0498774643447096,0.578756885303999,curvature
238,G_oc-temp_med-Lingual,Left,-1.14808385169622,-1.39119053756161,-0.0843563182255609,1.06372753347066,curvature
239,S_oc_sup_and_transversal,Right,-1.16688017536836,-1.55700857774448,0.00601485456450815,1.17289502993287,curvature
240,S_calcarine,Right,-1.09605512633492,-1.38063955417127,0.0612558319782296,1.15731095831315,curvature
241,S_front_middle,Right,-0.476170779019895,-0.706508300726196,0.437286447678312,0.913457226698207,curvature
242,S_parieto_occipital,Left,-1.41036034105875,-1.71116584063482,-0.0786420362759295,1.33171830478283,curvature
243,G_and_S_cingul-Mid-Post,Right,-1.34939154043816,-1.72616647522252,-0.222953336208559,1.1264382042296,curvature
244,G_front_inf-Opercular,Left,-0.575102366771316,-1.24051913644973,0.771752097433455,1.34685446420477,curvature
245,S_front_inf,Left,-1.13776650381396,-1.90230334189787,0.237587014142297,1.37535351795625,curvature
246,G_occipital_middle,Left,-1.6018903574477,-2.02826517517426,-0.329544696886721,1.27234566056098,curvature
247,G_and_S_subcentral,Right,-2.01057047711611,-2.58875214081399,-0.668326997000662,1.34224348011545,curvature
248,G_subcallosal,Left,-2.67282742138874,-3.43534706915934,-0.992577775065086,1.68024964632365,curvature
249,Lat_Fis-post,Right,-1.54094593837655,-1.83428146035164,-0.118900486735904,1.42204545164064,curvature
250,S_circular_insula_ant,Right,-0.794829205496559,-1.01325042781765,0.513343822608288,1.30817302810485,curvature
251,S_circular_insula_inf,Right,0.409476924244292,0.0664980029954044,1.76832913785937,1.35885221361508,curvature
252,G_and_S_occipital_inf,Right,-2.41995690710631,-3.08999218525287,-0.71483259170587,1.70512431540044,curvature
253,G_front_inf-Triangul,Right,-0.897567033484757,-1.44644247777445,-0.0351416165610348,0.862425416923722,curvature
254,S_intrapariet_and_P_trans,Right,-0.399022544434705,-0.872640302738584,0.538286669095639,0.937309213530344,curvature
255,G_temporal_middle,Right,-1.96170740667093,-2.54547470630932,0.217308537388538,2.17901594405947,curvature
256,S_postcentral,Left,-1.03291893990105,-1.7100143102041,0.130025753562243,1.16294469346329,curvature
257,G_temp_sup-Plan_tempo,Right,-0.94346346030215,-1.33011739116354,0.239143728995088,1.18260718929724,curvature
258,S_orbital-H_Shaped,Left,-1.95329137180741,-2.51695488664491,0.0776336616701856,2.03092503347759,curvature
259,G_precuneus,Left,-1.184871860726,-1.67565381825899,0.211409581655196,1.3962814423812,curvature
260,G_front_middle,Left,-1.43493812970502,-2.12532478819207,-0.112424282726772,1.32251384697824,curvature
261,G_oc-temp_med-Parahip,Right,-1.76719566012509,-1.72428702860939,-0.274229380366479,1.49296627975861,curvature
262,S_suborbital,Left,-2.24965214087391,-2.98852144831033,-0.638536015443431,1.61111612543048,curvature
263,G_pariet_inf-Supramar,Right,-1.80455555204666,-2.0772607454547,-0.529881601632706,1.27467395041396,curvature
264,S_precentral-sup-part,Right,-0.348909363638449,-0.451874694582576,0.327120064878912,0.676029428517361,curvature
265,G_and_S_transv_frontopol,Right,-2.43194802184948,-2.96020530907651,-1.09479571225391,1.33715230959557,curvature
266,S_interm_prim-Jensen,Right,-1.94916003706746,-2.38036196624099,-0.681482378195831,1.26767765887163,curvature
267,S_precentral-inf-part,Left,-1.45400059292688,-2.13714303105549,0.0863176673108229,1.54031826023771,curvature
268,G_cingul-Post-ventral,Right,-0.986818485310867,-1.23818521983865,0.16803344516459,1.15485193047546,curvature
269,G_cingul-Post-dorsal,Right,-1.72935970782992,-2.09797692631307,-0.438261932798158,1.29109777503176,curvature
270,S_collat_transv_ant,Right,-1.66644837894412,-1.97172406215466,0.452601362128339,2.11904974107246,curvature
271,G_and_S_cingul-Mid-Ant,Right,-1.87097922390831,-2.13717760437349,-0.702500867379607,1.1684783565287,curvature
272,S_temporal_sup,Right,-1.21278879539121,-1.7035352704152,0.330581484782259,1.54337028017347,curvature
273,G_parietal_sup,Left,-1.07564671537428,-1.76991790210183,-0.109248335168211,0.966398380206072,curvature
274,S_pericallosal,Left,-2.27670496386834,-2.53292965892163,-1.1182807309449,1.15842423292344,curvature
275,G_Ins_lg_and_S_cent_ins,Right,-0.589379443154163,-0.958372748605414,0.6179156526609,1.20729509581506,curvature
276,S_occipital_ant,Left,-1.53430210338724,-2.02794557267446,0.0241452447328427,1.55844734812008,curvature
277,Lat_Fis-ant-Vertical,Right,-1.0540499463234,-1.50293048881865,0.0347881736663403,1.08883811998974,curvature
278,G_temp_sup-Lateral,Left,-1.91460733959697,-2.49895445909287,-0.365465230224286,1.54914210937269,curvature
279,G_and_S_paracentral,Left,-0.795107848097501,-0.955847365822863,-0.0367740037886333,0.758333844308868,curvature
280,S_parieto_occipital,Right,-0.700250845186091,-1.05351129923013,0.348632038096977,1.04888288328307,curvature
281,G_and_S_frontomargin,Left,-2.36147651793499,-3.19113878074728,-0.509994942643072,1.85148157529192,curvature
282,G_occipital_middle,Right,-1.69882302422525,-2.06455063013686,-0.304414833651285,1.39440819057397,curvature
283,Pole_temporal,Left,-3.06726274064495,-3.55021599690201,-0.7886745282686,2.27858821237635,curvature
284,G_postcentral,Left,-1.27089189056938,-1.73308439102172,-0.348846367251418,0.922045523317965,curvature
285,S_oc-temp_med_and_Lingual,Right,-1.82727908678759,-2.35210165467278,0.0132302410228304,1.84050932781043,curvature
286,G_front_sup,Left,-1.49308933144788,-2.20989867589129,-0.0714010159063329,1.42168831554155,curvature
287,G_orbital,Right,-2.14360767668621,-2.67571379890461,-0.68513504657732,1.45847263010889,curvature
288,S_circular_insula_sup,Left,-0.590981804868046,-1.11733031762837,0.625155889733704,1.21613769460175,curvature
289,S_cingul-Marginalis,Left,-0.386763234732895,-0.773485886227662,0.560717778176698,0.947481012909593,curvature
290,G_cuneus,Left,-2.05288200126606,-1.96358623528133,-1.32830160755177,0.724580393714284,curvature
291,G_and_S_cingul-Ant,Left,-1.97664143374361,-2.44036153435486,-0.336470984930952,1.64017044881265,curvature
292,S_temporal_inf,Left,-2.63438116041448,-3.24351587650972,-0.740138856676049,1.89424230373843,curvature
293,S_oc_middle_and_Lunatus,Left,-1.86389609442181,-2.18579059955019,-0.73945584401135,1.12444025041046,curvature
294,S_temporal_transverse,Left,-1.66610790341715,-2.4181185909818,-0.190585241078622,1.47552266233853,curvature
295,S_oc-temp_lat,Left,-1.73947310516656,-1.97703796326642,-0.16516856504526,1.5743045401213,curvature
296,S_front_sup,Left,-0.913155193683764,-1.68180958416084,0.546619380169404,1.45977457385317,curvature
297,S_subparietal,Left,-2.37668303923559,-3.17450493668965,-0.303021831492374,2.07366120774321,curvature
298,G_temp_sup-Plan_polar,Left,-1.30204457282962,-1.70164831637456,0.0782040316049736,1.38024860443459,curvature
299,G_oc-temp_lat-fusifor,Left,-1.80408914291978,-2.4363927952906,-0.278550754009452,1.52553838891033,curvature
300,G_pariet_inf-Angular,Left,-0.861525392415705,-1.20940947565402,0.1217602147787,0.983285607194405,curvature
301,G_occipital_sup,Left,-0.856270827239397,-1.0461372953897,-0.540707085683043,0.315563741556354,curvature
302,S_precentral-inf-part,Right,-0.596564929187961,-1.08003674619338,0.425466647787502,1.02203157697546,curvature
303,G_rectus,Left,-2.24312654165667,-3.01188247337067,-0.721299073525979,1.52182746813069,curvature
304,S_orbital_lateral,Right,-1.76055216473543,-2.40235709535629,-0.580325686069734,1.1802264786657,curvature
305,S_pericallosal,Right,-2.1721838919745,-2.30932809011076,-1.45396724079162,0.718216651182881,curvature
306,S_occipital_ant,Right,-1.30545718828393,-1.96206316521539,0.734249758637485,2.03970694692142,curvature
307,G_temporal_inf,Right,-2.95590229741175,-3.46634384195057,-0.535888019680782,2.42001427773097,curvature
308,S_orbital_med-olfact,Left,-2.22108909991052,-2.87244484209875,-0.731674406128221,1.4894146937823,curvature
309,G_temp_sup-G_T_transv,Right,-1.96615556109924,-2.4398341285963,-0.264270191607366,1.70188536949187,curvature
310,S_calcarine,Left,-1.49310800732068,-1.72405006081229,-0.404146227075232,1.08896178024545,curvature
311,G_oc-temp_med-Lingual,Right,-2.04818691444164,-2.18124772087707,-0.707488608324353,1.34069830611729,curvature
312,G_and_S_frontomargin,Right,-1.8017073783159,-2.28638287312253,-0.698040990815063,1.10366638750084,curvature
313,G_and_S_cingul-Mid-Post,Left,-1.7086487134315,-2.32433031364798,-0.374458277635191,1.33419043579631,curvature
314,G_front_inf-Opercular,Right,-1.81046541286997,-2.24063763323792,-0.583272312246049,1.22719310062393,curvature
315,G_postcentral,Right,-0.572713766238123,-0.500427949131927,0.052818381644107,0.62553214788223,curvature
316,G_and_S_subcentral,Left,-0.994219823560301,-1.46294561076938,0.0808055770639458,1.07502540062425,curvature
317,S_front_inf,Right,-0.390366064152537,-0.705222974889759,0.53745941600963,0.927825480162167,curvature
318,G_precentral,Left,-0.776226997424399,-1.06207586584319,-0.0896482775095804,0.686578719914818,curvature
319,G_front_sup,Right,-1.95294696700665,-2.52869724107513,-0.596392073389106,1.35655489361754,curvature
320,G_subcallosal,Right,-0.244039210246064,-0.312418612317319,0.348938222246938,0.592977432493002,curvature
321,S_circular_insula_sup,Right,-0.847157167612572,-1.09528928989636,0.269659990343987,1.11681715795656,curvature
322,S_circular_insula_inf,Left,0.0701876864718651,-0.37034922380292,0.944199694244932,0.874012007773067,curvature
323,G_and_S_occipital_inf,Left,-2.49526073994883,-3.14448579994345,-0.960378931320888,1.53488180862794,curvature
324,G_cuneus,Right,-2.13239635444473,-2.36125717558174,-0.929502060817381,1.20289429362735,curvature
325,G_front_inf-Triangul,Left,-1.85412384375354,-2.73354253355095,-0.331681831353341,1.5224420124002,curvature
326,S_intrapariet_and_P_trans,Left,-0.856605712592237,-1.29981686172606,0.135630905650701,0.992236618242938,curvature
327,S_collat_transv_post,Left,-2.38883226125845,-2.94099636376365,-0.685645565867882,1.70318669539056,curvature
328,G_insular_short,Left,-1.29361384163522,-1.38864892261323,-0.346958076234018,0.946655765401207,curvature
329,G_temp_sup-Plan_tempo,Left,-0.992542461087917,-1.55884660656891,0.339200625946194,1.33174308703411,curvature
330,S_postcentral,Right,-0.580653904981827,-0.85186235833476,0.296001913555561,0.876655818537388,curvature
331,S_oc-temp_lat,Right,-3.00049461083691,-3.79356187597395,-0.776951344821981,2.22354326601493,curvature
332,S_orbital-H_Shaped,Right,-1.96054504690796,-2.60655126820738,-0.498926916657928,1.46161813025003,curvature
333,G_oc-temp_med-Parahip,Left,-1.35999805095454,-1.56175647575437,0.236682756109033,1.59668080706357,curvature
334,G_precuneus,Right,-0.907149462499416,-1.04133671342819,-0.300107242335172,0.607042220164244,curvature
335,Lat_Fis-ant-Horizont,Left,-1.41197178522895,-1.97435181661599,-0.0546163490974731,1.35735543613148,curvature
336,G_front_middle,Right,-0.955738165152202,-1.27028244817633,0.0734258195736717,1.02916398472587,curvature
337,G_pariet_inf-Supramar,Left,-1.68072414746098,-2.16400924300894,-0.234943212080454,1.44578093538052,curvature
338,S_suborbital,Right,-1.27871692052033,-1.5937870094902,-0.413858196200611,0.864858724319722,curvature
339,S_precentral-sup-part,Left,-0.58143362692084,-1.00576489367895,0.298644448756792,0.880078075677632,curvature
340,G_oc-temp_lat-fusifor,Right,-3.42611339506572,-3.8997061080061,-1.0727996233805,2.35331377168522,curvature
341,S_interm_prim-Jensen,Left,-1.46666122964247,-1.83056923228454,-0.19529458132842,1.27136664831405,curvature
342,G_pariet_inf-Angular,Right,-1.50624969420992,-1.91495594354679,-0.220682760919073,1.28556693329084,curvature
343,G_occipital_sup,Right,-0.680151505588457,-0.851201596250553,0.0915447397552794,0.771696245343737,curvature
344,G_cingul-Post-ventral,Left,-1.87216786594873,-1.98858649449049,-0.589519034951366,1.28264883099737,curvature
345,S_collat_transv_ant,Left,-1.75846770389741,-1.98186869587433,0.00845098724136807,1.76691869113878,curvature
346,S_temporal_sup,Left,-1.18500247274411,-1.68084713540035,0.340741094699744,1.52574356744386,curvature
347,G_Ins_lg_and_S_cent_ins,Left,-1.28138947993162,-1.53777203859229,-0.267493921638005,1.01389555829361,curvature
348,G_parietal_sup,Right,-1.02268851078945,-1.46567954923364,-0.107708465639758,0.914980045149696,curvature
349,G_front_inf-Orbital,Left,-2.29147887799182,-2.96676929134843,-0.487028500208999,1.80445037778282,curvature
350,Pole_occipital,Left,-2.3264461572527,-2.51382059753584,-1.38236170243863,0.944084454814073,curvature
351,S_central,Left,-0.0969212338977451,-0.329132971999624,0.513041113691969,0.609962347589714,curvature
352,Lat_Fis-ant-Vertical,Left,-0.774631049681893,-1.55362608698927,0.846317032218452,1.62094808190034,curvature
353,S_oc_sup_and_transversal,Left,-1.06829354074056,-1.40474995897511,0.0532335337900909,1.12152707453065,curvature
354,G_temp_sup-Lateral,Right,-1.68472207218054,-2.16237338473978,-0.0871856657957267,1.59753640638481,curvature
355,G_and_S_paracentral,Right,-0.74626649250059,-0.863807115519693,-0.15517527292973,0.59109121957086,curvature
356,S_front_middle,Left,-0.126383678368357,-0.494328895092093,0.785249101028031,0.911632779396388,curvature
357,G_precentral,Right,-0.577152576773691,-0.68411962357874,-0.0198031994843358,0.557349377289355,curvature
358,Pole_temporal,Right,-2.06926949658301,-2.48220691351896,0.0393777703118472,2.10864726689486,curvature
359,S_oc-temp_med_and_Lingual,Left,-0.93167499137678,-1.32197965072814,0.48439914421327,1.41607413559005,curvature
360,G_orbital,Left,-2.85914298459761,-3.34038777008692,-1.03515271809508,1.82399026650253,curvature
361,Lat_Fis-post,Left,-2.01262989032959,-2.6261664720511,-0.750058734329236,1.26257115600035,curvature
362,S_circular_insula_ant,Left,-2.02773727119386,-2.4231127144404,-0.55539484921925,1.47234242197461,curvature
363,S_collat_transv_post,Right,-2.70577413948468,-3.29183346022845,-0.704046560676233,2.00172757880845,curvature
364,G_insular_short,Right,-0.961032396886137,-1.16976629268823,0.385579326069566,1.3466117229557,curvature
365,S_cingul-Marginalis,Right,-0.879970079427596,-1.30800932070354,0.255465875013137,1.13543595444073,curvature
366,G_temporal_middle,Left,-1.93556472471745,-2.41631081466392,-0.0600686718639761,1.87549605285348,curvature
367,Lat_Fis-ant-Horizont,Right,-1.11489224126374,-1.78488881056581,0.237179060590422,1.35207130185417,curvature
368,G_and_S_cingul-Ant,Right,-0.968123382142916,-1.25000262181573,0.267659226465778,1.2357826086087,curvature
369,S_temporal_inf,Right,-2.51054826605703,-3.06173710009012,-0.242012681316902,2.26853558474013,curvature
370,S_oc_middle_and_Lunatus,Average,-2.0358316706891,-2.37266191502943,-0.715087650431842,1.32074402025726,curvature
371,S_temporal_transverse,Average,-1.67494563514215,-2.13441868823266,-0.292145595256297,1.38280003988586,curvature
372,S_front_sup,Average,-0.945827442996587,-1.63584161771261,0.547186856409768,1.49301429940635,curvature
373,S_subparietal,Average,-1.63661682477117,-2.14668488894104,-0.0348052365216298,1.60181158824954,curvature
374,G_temp_sup-Plan_polar,Average,-1.00903187986833,-1.36633248581225,0.495964663900586,1.50499654376891,curvature
375,G_and_S_transv_frontopol,Average,-2.25254493964908,-3.08298783795246,-0.780243453736022,1.47230148591306,curvature
376,G_rectus,Average,-1.42433492022616,-1.87466113701058,-0.331168159004934,1.09316676122122,curvature
377,S_orbital_lateral,Average,-1.45630270390709,-2.21702251060769,-0.298053823950357,1.15824887995674,curvature
378,G_cingul-Post-dorsal,Average,-1.90472080537007,-2.19887901011885,-0.470972906129937,1.43374789924013,curvature
379,G_and_S_cingul-Mid-Ant,Average,-2.0604406396338,-2.40802031723167,-0.667003283167013,1.39343735646679,curvature
380,G_front_inf-Orbital,Average,-2.37209752861977,-3.09754307059807,-0.559833035891715,1.81226449272805,curvature
381,G_temporal_inf,Average,-2.67274562295038,-3.21867157225384,-0.481341856860617,2.19140376608976,curvature
382,Pole_occipital,Average,-2.14396529989852,-2.39366946685465,-1.03284089448161,1.11112440541691,curvature
383,S_central,Average,-0.357323668915591,-0.479098934415287,0.19409987119572,0.551423540111311,curvature
384,G_temp_sup-G_T_transv,Average,-1.3302316612805,-1.73075735797043,0.0094350811246503,1.33966674240516,curvature
385,S_orbital_med-olfact,Average,-1.42486172477961,-1.74777714377408,-0.390775935236465,1.03408578954315,curvature
386,G_oc-temp_med-Lingual,Average,-1.59813538306893,-1.78621912921934,-0.395922463274957,1.20221291979397,curvature
387,S_oc_sup_and_transversal,Average,-1.11758685805446,-1.48087926835979,0.0296241941772995,1.14721105223176,curvature
388,S_calcarine,Average,-1.2945815668278,-1.55234480749178,-0.171445197548501,1.1231363692793,curvature
389,S_front_middle,Average,-0.301277228694126,-0.600418597909144,0.611267774353172,0.912545003047298,curvature
390,S_parieto_occipital,Average,-1.05530559312242,-1.38233856993247,0.134995000910524,1.19030059403295,curvature
391,G_and_S_cingul-Mid-Post,Average,-1.52902012693483,-2.02524839443525,-0.298705806921875,1.23031432001296,curvature
392,G_front_inf-Opercular,Average,-1.19278388982065,-1.74057838484383,0.0942398925937031,1.28702378241435,curvature
393,S_front_inf,Average,-0.764066283983247,-1.30376315839381,0.387523215075963,1.15158949905921,curvature
394,G_occipital_middle,Average,-1.65035669083647,-2.04640790265556,-0.316979765269003,1.33337692556747,curvature
395,G_and_S_subcentral,Average,-1.50239515033821,-2.02584887579169,-0.293760709968358,1.20863444036985,curvature
396,G_subcallosal,Average,-1.4584333158174,-1.87388284073833,-0.321819776409074,1.13661353940833,curvature
397,Lat_Fis-post,Average,-1.77678791435307,-2.23022396620137,-0.43447961053257,1.3423083038205,curvature
398,S_circular_insula_ant,Average,-1.41128323834521,-1.71818157112903,-0.0210255133054809,1.39025772503973,curvature
399,S_circular_insula_inf,Average,0.239832305358078,-0.151925610403758,1.35626441605215,1.11643211069407,curvature
400,G_and_S_occipital_inf,Average,-2.45760882352757,-3.11723899259816,-0.837605761513379,1.62000306201419,curvature
401,G_front_inf-Triangul,Average,-1.37584543861915,-2.0899925056627,-0.183411723957188,1.19243371466196,curvature
402,S_intrapariet_and_P_trans,Average,-0.627814128513471,-1.08622858223232,0.33695878737317,0.964772915886641,curvature
403,G_temporal_middle,Average,-1.94863606569419,-2.48089276048662,0.0786199327622808,2.02725599845647,curvature
404,S_postcentral,Average,-0.806786422441437,-1.28093833426943,0.213013833558902,1.01980025600034,curvature
405,G_temp_sup-Plan_tempo,Average,-0.968002960695033,-1.44448199886622,0.289172177470641,1.25717513816567,curvature
406,S_orbital-H_Shaped,Average,-1.95691820935769,-2.56175307742614,-0.210646627493871,1.74627158186381,curvature
407,G_precuneus,Average,-1.04601066161271,-1.35849526584359,-0.0443488303399879,1.00166183127272,curvature
408,G_front_middle,Average,-1.19533814742861,-1.6978036181842,-0.0194992315765503,1.17583891585206,curvature
409,G_oc-temp_med-Parahip,Average,-1.56359685553981,-1.64302175218188,-0.0187733121287229,1.54482354341109,curvature
410,S_suborbital,Average,-1.76418453069712,-2.29115422890027,-0.526197105822021,1.2379874248751,curvature
411,G_pariet_inf-Supramar,Average,-1.74263984975382,-2.12063499423182,-0.38241240685658,1.36022744289724,curvature
412,S_precentral-sup-part,Average,-0.465171495279644,-0.728819794130763,0.312882256817852,0.778053752097497,curvature
413,S_interm_prim-Jensen,Average,-1.70791063335497,-2.10546559926276,-0.438388479762125,1.26952215359284,curvature
414,S_precentral-inf-part,Average,-1.02528276105742,-1.60858988862443,0.255892157549163,1.28117491860658,curvature
415,G_cingul-Post-ventral,Average,-1.4294931756298,-1.61338585716457,-0.210742794893388,1.21875038073641,curvature
416,S_collat_transv_ant,Average,-1.71245804142077,-1.97679637901449,0.230526174684854,1.94298421610562,curvature
417,S_temporal_sup,Average,-1.19889563406766,-1.69219120290778,0.335661289741001,1.53455692380866,curvature
418,G_parietal_sup,Average,-1.04916761308187,-1.61779872566773,-0.108478400403985,0.940689212677884,curvature
419,S_pericallosal,Average,-2.22444442792142,-2.42112887451619,-1.28612398586826,0.938320442053161,curvature
420,G_Ins_lg_and_S_cent_ins,Average,-0.935384461542891,-1.24807239359885,0.175210865511448,1.11059532705434,curvature
421,S_occipital_ant,Average,-1.41987964583559,-1.99500436894492,0.379197501685164,1.79907714752075,curvature
422,Lat_Fis-ant-Vertical,Average,-0.914340498002644,-1.52827828790396,0.440552602942396,1.35489310094504,curvature
423,G_temp_sup-Lateral,Average,-1.79966470588876,-2.33066392191633,-0.226325448010006,1.57333925787875,curvature
424,G_and_S_paracentral,Average,-0.770687170299045,-0.909827240671278,-0.0959746383591816,0.674712531939864,curvature
425,G_and_S_frontomargin,Average,-2.08159194812545,-2.73876082693491,-0.604017966729067,1.47757398139638,curvature
426,Pole_temporal,Average,-2.56826611861398,-3.01621145521049,-0.374648378978376,2.1936177396356,curvature
427,G_postcentral,Average,-0.921802828403753,-1.11675617007682,-0.148013992803656,0.773788835600097,curvature
428,S_oc-temp_med_and_Lingual,Average,-1.37947703908219,-1.83704065270046,0.24881469261805,1.62829173170024,curvature
429,G_front_sup,Average,-1.72301814922727,-2.36929795848321,-0.333896544647719,1.38912160457955,curvature
430,G_orbital,Average,-2.50137533064191,-3.00805078449577,-0.860143882336198,1.64123144830571,curvature
431,S_circular_insula_sup,Average,-0.719069486240309,-1.10630980376237,0.447407940038845,1.16647742627915,curvature
432,S_cingul-Marginalis,Average,-0.633366657080246,-1.0407476034656,0.408091826594918,1.04145848367516,curvature
433,G_cuneus,Average,-2.09263917785539,-2.16242170543153,-1.12890183418458,0.963737343670819,curvature
434,G_and_S_cingul-Ant,Average,-1.47238240794326,-1.84518207808529,-0.034405879232587,1.43797652871067,curvature
435,S_temporal_inf,Average,-2.57246471323576,-3.15262648829992,-0.491075768996476,2.08138894423928,curvature
436,S_oc-temp_lat,Average,-2.36998385800173,-2.88529991962018,-0.47105995493362,1.89892390306811,curvature
437,G_oc-temp_lat-fusifor,Average,-2.61510126899275,-3.16804945164835,-0.675675188694976,1.93942608029777,curvature
438,G_pariet_inf-Angular,Average,-1.18388754331281,-1.56218270960041,-0.0494612730701866,1.13442627024262,curvature
439,G_occipital_sup,Average,-0.768211166413927,-0.948669445820126,-0.224581172963882,0.543629993450046,curvature
440,G_precentral,Average,-0.676689787099044,-0.873097744710966,-0.0547257384969581,0.621964048602086,curvature
441,S_collat_transv_post,Average,-2.54730320037156,-3.11641491199605,-0.694846063272058,1.85245713709951,curvature
442,G_insular_short,Average,-1.12732311926068,-1.27920760765073,0.0193106249177742,1.14663374417845,curvature
443,Lat_Fis-ant-Horizont,Average,-1.26343201324635,-1.8796203135909,0.0912813557464743,1.35471336899282,curvature
444,S_oc_middle_and_Lunatus,Right,0.0532227524184931,0.195153151321768,-0.0986237825403046,-0.151846534958798,sulcal_depth
445,S_temporal_transverse,Right,-0.181372961764046,0.118943446388458,-0.0673707995341549,0.114002162229891,sulcal_depth
446,S_front_sup,Right,-0.274909222877059,-0.10324372016469,-0.50594682971598,-0.231037606838921,sulcal_depth
447,S_subparietal,Right,-0.16270093365732,0.0276985193528706,-0.243050244737606,-0.0803493110802865,sulcal_depth
448,G_temp_sup-Plan_polar,Right,0.0951598606286026,0.296611892238098,-0.117898243826205,-0.213058104454808,sulcal_depth
449,G_and_S_transv_frontopol,Left,-0.391707422846267,-0.176388549036284,-0.539111801609163,-0.147404378762896,sulcal_depth
450,G_rectus,Right,0.31866500682817,0.505191649263593,0.268246781883375,-0.050418224944795,sulcal_depth
451,S_orbital_lateral,Left,-0.288740330173681,-0.117317675093716,-0.49151799914423,-0.202777668970549,sulcal_depth
452,G_cingul-Post-dorsal,Left,0.0572454333235216,0.199030811572636,0.0148500016753973,-0.0423954316481243,sulcal_depth
453,G_and_S_cingul-Mid-Ant,Left,-0.111167245460485,-0.0124318610506491,-0.231539106781254,-0.120371861320769,sulcal_depth
454,G_front_inf-Orbital,Right,-0.216406783650777,0.0543656399590067,-0.475867373330556,-0.259460589679779,sulcal_depth
455,G_temporal_inf,Left,0.264041745437751,0.378458587152337,0.186653230648011,-0.0773885147897397,sulcal_depth
456,Pole_occipital,Right,0.124041557135023,0.286486047125649,0.0176285077953498,-0.106413049339673,sulcal_depth
457,S_central,Right,-0.203275614024658,0.0839865488801459,-0.333983182534162,-0.130707568509504,sulcal_depth
458,G_temp_sup-G_T_transv,Left,-0.142244269501496,0.0911864974320617,-0.307918606268091,-0.165674336766594,sulcal_depth
459,S_orbital_med-olfact,Right,-0.00866036896884568,0.109403224780211,-0.0889050874542195,-0.0802447184853738,sulcal_depth
460,G_oc-temp_med-Lingual,Left,0.1253913582015,0.394367343888652,0.0949924732582547,-0.0303988849432457,sulcal_depth
461,S_oc_sup_and_transversal,Right,-0.176000479631499,0.060655672666568,-0.29291051125721,-0.116910031625711,sulcal_depth
462,S_calcarine,Right,-0.30969755179358,-0.0322366079223992,-0.383669545473396,-0.0739719936798154,sulcal_depth
463,S_front_middle,Right,-0.307928599031377,-0.154090137430268,-0.407359081731241,-0.0994304826998637,sulcal_depth
464,S_parieto_occipital,Left,0.177254320835266,0.3133579979926,0.0382810732354056,-0.13897324759986,sulcal_depth
465,G_and_S_cingul-Mid-Post,Right,-0.214747078032012,-0.0519898587310308,-0.412644615683957,-0.197897537651945,sulcal_depth
466,G_front_inf-Opercular,Left,-0.114911936741405,0.142579898539784,-0.385236606029775,-0.270324669288369,sulcal_depth
467,S_front_inf,Left,-0.25110727583696,-0.0478576429420578,-0.486430623615467,-0.235323347778507,sulcal_depth
468,G_occipital_middle,Left,0.148519674858943,0.354099825003453,0.00818485882393482,-0.140334816035008,sulcal_depth
469,G_and_S_subcentral,Right,-0.0682686404285657,0.178214918221934,-0.261784053026503,-0.193515412597938,sulcal_depth
470,G_subcallosal,Left,0.283024763355164,0.483295075429993,0.145504372457991,-0.137520390897173,sulcal_depth
471,Lat_Fis-post,Right,-0.540955298403592,-0.268723372299246,-0.385723716413655,0.155231581989937,sulcal_depth
472,S_circular_insula_ant,Right,-0.33968503630371,-0.0430156532510252,-0.509576682140195,-0.169891645836485,sulcal_depth
473,S_circular_insula_inf,Right,-0.350258482453814,-0.100496026604848,-0.525755563173129,-0.175497080719315,sulcal_depth
474,G_and_S_occipital_inf,Right,0.107089487471462,0.297231991314175,-0.145657645431969,-0.252747132903431,sulcal_depth
475,G_front_inf-Triangul,Right,-0.131416981270494,0.0623494435232608,-0.315831563471582,-0.184414582201089,sulcal_depth
476,S_intrapariet_and_P_trans,Right,-0.463099838561386,-0.1794057323827,-0.512605026901518,-0.0495051883401323,sulcal_depth
477,G_temporal_middle,Right,0.220326400208332,0.35690904284498,0.0496731974221324,-0.1706532027862,sulcal_depth
478,S_postcentral,Left,-0.415777144919558,-0.240415013265751,-0.537408848623842,-0.121631703704284,sulcal_depth
479,G_temp_sup-Plan_tempo,Right,-0.280974562021987,0.00225753189483742,-0.408515222582858,-0.127540660560871,sulcal_depth
480,S_orbital-H_Shaped,Left,0.0227407152089285,0.190398906154337,-0.143573582203861,-0.16631429741279,sulcal_depth
481,G_precuneus,Left,-0.079092652647632,0.0743331292200405,-0.18336326986625,-0.104270617218618,sulcal_depth
482,G_front_middle,Left,-0.318395540912562,-0.0868052361546534,-0.562277110551159,-0.243881569638597,sulcal_depth
483,G_oc-temp_med-Parahip,Right,0.0533777676485425,0.212915877275499,0.0926460568408463,0.0392682891923038,sulcal_depth
484,S_suborbital,Left,0.1425494503401,0.329466616906967,-0.103353059709764,-0.245902510049865,sulcal_depth
485,G_pariet_inf-Supramar,Right,-0.000911426963110312,0.259978508245817,-0.148136590831304,-0.147225163868194,sulcal_depth
486,S_precentral-sup-part,Right,-0.512308876387784,-0.21918105504359,-0.77887889069961,-0.266570014311827,sulcal_depth
487,G_and_S_transv_frontopol,Right,-0.19597964256421,0.0444858822355123,-0.467411193437314,-0.271431550873104,sulcal_depth
488,S_interm_prim-Jensen,Right,0.0106767408693593,0.308016483592653,-0.0951362258428719,-0.105812966712231,sulcal_depth
489,S_precentral-inf-part,Left,-0.210519195700786,-0.0328484004068122,-0.397923047667328,-0.187403851966542,sulcal_depth
490,G_cingul-Post-ventral,Right,-0.3110384929408,-0.0736713940796254,-0.269898278974718,0.0411402139660821,sulcal_depth
491,G_cingul-Post-dorsal,Right,0.145971140551427,0.314425885336683,0.0571839613669029,-0.0887871791845239,sulcal_depth
492,S_collat_transv_ant,Right,0.237639200172496,0.374120472078876,0.150522443695107,-0.0871167564773884,sulcal_depth
493,G_and_S_cingul-Mid-Ant,Right,-0.372336795315006,-0.236333318521346,-0.510382173190301,-0.138045377875295,sulcal_depth
494,S_temporal_sup,Right,-0.209399581211277,0.0117149391809669,-0.320714955248396,-0.111315374037119,sulcal_depth
495,G_parietal_sup,Left,-0.313532439341386,-0.0924220434409871,-0.491778815096416,-0.17824637575503,sulcal_depth
496,S_pericallosal,Left,0.117603137790786,0.232013982343034,0.140733563361912,0.0231304255711257,sulcal_depth
497,G_Ins_lg_and_S_cent_ins,Right,-0.194603125070155,0.0887143687014192,-0.423757625398871,-0.229154500328717,sulcal_depth
498,S_occipital_ant,Left,-0.190634088863478,-0.0163724562066037,-0.25867623418878,-0.0680421453253024,sulcal_depth
499,Lat_Fis-ant-Vertical,Right,-0.259349666493956,-0.0353820574598973,-0.436428146883297,-0.177078480389341,sulcal_depth
500,G_temp_sup-Lateral,Left,0.172029702174618,0.36082122673627,0.00426731762409317,-0.167762384550525,sulcal_depth
501,G_and_S_paracentral,Left,-0.34611143758431,-0.146546283613685,-0.434939960581483,-0.0888285229971734,sulcal_depth
502,S_parieto_occipital,Right,-0.34641353849296,-0.134668724771358,-0.456786890115094,-0.110373351622134,sulcal_depth
503,G_and_S_frontomargin,Left,-0.101657720280959,0.0826464484519483,-0.269175117985946,-0.167517397704987,sulcal_depth
504,G_occipital_middle,Right,0.104377523889026,0.288664660029166,-0.0835131722323653,-0.187890696121391,sulcal_depth
505,Pole_temporal,Left,0.353474597087899,0.49346746034745,0.311413990540681,-0.0420606065472181,sulcal_depth
506,G_postcentral,Left,-0.24769476784585,-0.0777888700153193,-0.401345879935343,-0.153651112089493,sulcal_depth
507,S_oc-temp_med_and_Lingual,Right,-0.16405231130404,-0.0390782377585314,-0.180111052154997,-0.0160587408509565,sulcal_depth
508,G_front_sup,Left,-0.225371526366654,-0.0435737678235987,-0.399925759824932,-0.174554233458278,sulcal_depth
509,G_orbital,Right,0.0323492168285014,0.235197892982245,-0.147732408103484,-0.180081624931986,sulcal_depth
510,S_circular_insula_sup,Left,-0.585873585856429,-0.305532777942335,-0.722991913300402,-0.137118327443972,sulcal_depth
511,S_cingul-Marginalis,Left,-0.233462465286385,-0.041982273812201,-0.349556436943797,-0.116093971657412,sulcal_depth
512,G_cuneus,Left,0.43598501030269,0.564314429983564,0.477523718131996,0.041538707829306,sulcal_depth
513,G_and_S_cingul-Ant,Left,-0.147740542831428,-0.0171629798530174,-0.307474693357059,-0.159734150525631,sulcal_depth
514,S_temporal_inf,Left,0.17179217690342,0.300872149832883,0.0916735123579018,-0.0801186645455177,sulcal_depth
515,S_oc_middle_and_Lunatus,Left,0.250116746847231,0.437325692305184,0.219781286097855,-0.0303354607493765,sulcal_depth
516,S_temporal_transverse,Left,-0.280194394923967,-0.076701853277067,-0.340237402455187,-0.06004300753122,sulcal_depth
517,S_oc-temp_lat,Left,0.529402178743119,0.695297925216879,0.477879051235602,-0.0515231275075172,sulcal_depth
518,S_front_sup,Left,-0.304162742392102,-0.0773506407550876,-0.507059773469991,-0.202897031077889,sulcal_depth
519,S_subparietal,Left,0.137438053106175,0.238452979156931,0.0320072871145564,-0.105430765991618,sulcal_depth
520,G_temp_sup-Plan_polar,Left,0.22262214451015,0.356474980773146,0.00886075408641149,-0.213761390423738,sulcal_depth
521,G_oc-temp_lat-fusifor,Left,0.105113291824895,0.334568540793537,-0.0105742525359087,-0.115687544360804,sulcal_depth
522,G_pariet_inf-Angular,Left,-0.24427680182035,-0.0471192206858983,-0.331631451649235,-0.0873546498288845,sulcal_depth
523,G_occipital_sup,Left,0.147003584235727,0.392622497800844,0.145135628433326,-0.00186795580240148,sulcal_depth
524,S_precentral-inf-part,Right,-0.203732810885287,-0.00942677059878026,-0.375977184257125,-0.172244373371838,sulcal_depth
525,G_rectus,Left,0.133579751314671,0.271771306777175,0.0271949078540452,-0.106384843460625,sulcal_depth
526,S_orbital_lateral,Right,-0.12453677469148,0.143970719998917,-0.498425359895712,-0.373888585204232,sulcal_depth
527,S_pericallosal,Right,-0.110019020376169,0.0613778873761784,-0.219155906585968,-0.109136886209799,sulcal_depth
528,S_occipital_ant,Right,-0.213493629356836,0.0168287098647123,-0.393654405677464,-0.180160776320628,sulcal_depth
529,G_temporal_inf,Right,0.350803438877888,0.447009190297564,0.231336417183492,-0.119467021694396,sulcal_depth
530,S_orbital_med-olfact,Left,0.278705295347362,0.419513916701506,0.125432267830903,-0.153273027516459,sulcal_depth
531,G_temp_sup-G_T_transv,Right,-0.126771102578525,0.0227497402486212,-0.141164019924085,-0.0143929173455599,sulcal_depth
532,S_calcarine,Left,-0.044070688148812,0.169760095763585,-0.14914558268001,-0.105074894531198,sulcal_depth
533,G_oc-temp_med-Lingual,Right,0.17424993946116,0.391121770175599,0.137128784069798,-0.0371211553913625,sulcal_depth
534,G_and_S_frontomargin,Right,-0.386246536500966,-0.2152685052833,-0.49090513128875,-0.104658594787784,sulcal_depth
535,G_and_S_cingul-Mid-Post,Left,-0.354399815083675,-0.150028363586848,-0.448477940007564,-0.0940781249238889,sulcal_depth
536,G_front_inf-Opercular,Right,0.152567511349279,0.354680477301879,0.00313035906499037,-0.149437152284289,sulcal_depth
537,G_postcentral,Right,-0.0143116655372459,0.275510212039511,-0.173844072289244,-0.159532406751998,sulcal_depth
538,G_and_S_subcentral,Left,-0.290940514971708,-0.0703094753902399,-0.606483377134534,-0.315542862162826,sulcal_depth
539,S_front_inf,Right,-0.222555156572917,-0.00905942442691638,-0.419500167895856,-0.196945011322939,sulcal_depth
540,G_precentral,Left,-0.487493879233938,-0.213988257280476,-0.637700040915997,-0.15020616168206,sulcal_depth
541,G_front_sup,Right,-0.102791798987522,0.0859332220427035,-0.277829481645228,-0.175037682657706,sulcal_depth
542,G_subcallosal,Right,0.34860455600828,0.538461488186091,0.38656185034836,0.0379572943400797,sulcal_depth
543,S_circular_insula_sup,Right,-0.382030721979572,-0.153553775274251,-0.460505770414446,-0.078475048434874,sulcal_depth
544,S_circular_insula_inf,Left,-0.370076325474645,-0.097136754931265,-0.56352375101981,-0.193447425545164,sulcal_depth
545,G_and_S_occipital_inf,Left,0.0578387754713691,0.202743476062948,-0.0428417632846112,-0.10068053875598,sulcal_depth
546,G_cuneus,Right,0.143271845311062,0.322467479319556,0.114992536172077,-0.0282793091389854,sulcal_depth
547,G_front_inf-Triangul,Left,-0.00824462689316561,0.233028711245025,-0.258803453960267,-0.250558827067102,sulcal_depth
548,S_intrapariet_and_P_trans,Left,-0.223755416978708,-0.026089720165258,-0.307605761116561,-0.0838503441378534,sulcal_depth
549,S_collat_transv_post,Left,0.155750832773702,0.31902653121578,0.0456831653744848,-0.110067667399217,sulcal_depth
550,G_insular_short,Left,-0.178822338968128,0.0923790066979062,-0.437593397951163,-0.258771058983035,sulcal_depth
551,G_temp_sup-Plan_tempo,Left,-0.135479834222954,0.0474252226487507,-0.323361329439485,-0.187881495216532,sulcal_depth
552,S_postcentral,Right,0.0916443234057605,0.337137631023102,-0.0510602313962269,-0.142704554801987,sulcal_depth
553,S_oc-temp_lat,Right,0.33880704699585,0.422263887098628,0.156987493182436,-0.181819553813413,sulcal_depth
554,S_orbital-H_Shaped,Right,0.0115155827365843,0.158178774844669,-0.131021777855527,-0.142537360592111,sulcal_depth
555,G_oc-temp_med-Parahip,Left,0.0531345586965829,0.196874129413592,0.0910275639448382,0.0378930052482554,sulcal_depth
556,G_precuneus,Right,-0.210296513855083,0.057665480046898,-0.380226202402516,-0.169929688547432,sulcal_depth
557,Lat_Fis-ant-Horizont,Left,-0.0610170551209867,0.112066899248076,-0.295317462437512,-0.234300407316526,sulcal_depth
558,G_front_middle,Right,-0.203973363619078,0.0154343780089247,-0.378923627496546,-0.174950263877468,sulcal_depth
559,G_pariet_inf-Supramar,Left,-0.13244864137099,0.0400967597802351,-0.258800802930949,-0.126352161559959,sulcal_depth
560,S_suborbital,Right,0.147318290998846,0.286314413330537,-0.0684621920328078,-0.215780483031654,sulcal_depth
561,S_precentral-sup-part,Left,-0.680370525867122,-0.329532083008694,-0.933765858161906,-0.253395332294784,sulcal_depth
562,G_oc-temp_lat-fusifor,Right,0.206841921271574,0.388031269268228,0.0914869073445652,-0.115355013927009,sulcal_depth
563,S_interm_prim-Jensen,Left,-0.251121464650794,-0.0627472157104177,-0.490149902823709,-0.239028438172916,sulcal_depth
564,G_pariet_inf-Angular,Right,-0.168294609121642,0.110019826089556,-0.290754498814414,-0.122459889692772,sulcal_depth
565,G_occipital_sup,Right,-0.0527202492032156,0.179670293199837,-0.195854714912033,-0.143134465708817,sulcal_depth
566,G_cingul-Post-ventral,Left,0.201710846135139,0.319630124581913,0.243974453772696,0.0422636076375569,sulcal_depth
567,S_collat_transv_ant,Left,0.142540153851336,0.343416752675723,0.0758110364605007,-0.0667291173908353,sulcal_depth
568,S_temporal_sup,Left,-0.0429284345940967,0.0842027503375105,-0.119028620938933,-0.0761001863448359,sulcal_depth
569,G_Ins_lg_and_S_cent_ins,Left,-0.112568236557116,0.179078031632098,-0.314730560767393,-0.202162324210276,sulcal_depth
570,G_parietal_sup,Right,-0.237704930826288,0.0265237360887865,-0.424095286553702,-0.186390355727414,sulcal_depth
571,G_front_inf-Orbital,Left,-0.227626527796828,-0.0520209809157866,-0.432049904337226,-0.204423376540398,sulcal_depth
572,Pole_occipital,Left,0.142496869073431,0.34779106872511,0.107776040600247,-0.0347208284731837,sulcal_depth
573,S_central,Left,-0.560001332878883,-0.296267828051031,-0.725485168636653,-0.165483835757771,sulcal_depth
574,Lat_Fis-ant-Vertical,Left,-0.0692011842593934,0.173704753442721,-0.383077299520274,-0.313876115260881,sulcal_depth
575,S_oc_sup_and_transversal,Left,-0.0399573530905068,0.205491256556238,-0.233321465089354,-0.193364111998847,sulcal_depth
576,G_temp_sup-Lateral,Right,0.0987270314113447,0.353281376785372,-0.12326389267409,-0.221990924085434,sulcal_depth
577,G_and_S_paracentral,Right,-0.111119732763841,0.0188480775101069,-0.188769535972987,-0.077649803209146,sulcal_depth
578,S_front_middle,Left,-0.466704631306818,-0.236948784126005,-0.642473272265374,-0.175768640958556,sulcal_depth
579,G_precentral,Right,-0.363497156092395,-0.124371265575266,-0.492390290688368,-0.128893134595973,sulcal_depth
580,Pole_temporal,Right,0.165822849325704,0.322413442166935,0.0283531065091976,-0.137469742816507,sulcal_depth
581,S_oc-temp_med_and_Lingual,Left,0.105329187831573,0.368839606557011,0.0224497455981284,-0.0828794422334443,sulcal_depth
582,G_orbital,Left,0.125804386438455,0.272539259629441,-0.0173317084643578,-0.143136094902813,sulcal_depth
583,Lat_Fis-post,Left,-0.496367799242886,-0.293992263016703,-0.43823553563228,0.0581322636106064,sulcal_depth
584,S_circular_insula_ant,Left,-0.0448630543545435,0.0725891207991864,-0.132058820421729,-0.0871957660671856,sulcal_depth
585,S_collat_transv_post,Right,0.418457103461648,0.593874287843813,0.264214926861344,-0.154242176600304,sulcal_depth
586,G_insular_short,Right,-0.33346838895875,-0.0514433268943293,-0.509984502221824,-0.176516113263074,sulcal_depth
587,S_cingul-Marginalis,Right,-0.205037873558531,-0.0456833883265703,-0.324277298358298,-0.119239424799766,sulcal_depth
588,G_temporal_middle,Left,0.376361744793708,0.427213723084242,0.393348159240278,0.01698641444657,sulcal_depth
589,Lat_Fis-ant-Horizont,Right,-0.541017390441663,-0.310072923002943,-0.697857838149733,-0.15684044770807,sulcal_depth
590,G_and_S_cingul-Ant,Right,-0.199590864231486,0.00823423332570291,-0.375697449871869,-0.176106585640383,sulcal_depth
591,S_temporal_inf,Right,0.366631886408894,0.478671583936477,0.188411942834661,-0.178219943574233,sulcal_depth
592,S_oc_middle_and_Lunatus,Average,0.151669749632862,0.316239421813476,0.060578751778775,-0.0910909978540871,sulcal_depth
593,S_temporal_transverse,Average,-0.230783678344006,0.0211207965556953,-0.203804100994671,0.0269795773493354,sulcal_depth
594,S_front_sup,Average,-0.289535982634581,-0.0902971804598889,-0.506503301592986,-0.216967318958405,sulcal_depth
595,S_subparietal,Average,-0.0126314402755725,0.133075749254901,-0.105521478811525,-0.0928900385359523,sulcal_depth
596,G_temp_sup-Plan_polar,Average,0.158891002569376,0.326543436505622,-0.0545187448698969,-0.213409747439273,sulcal_depth
597,G_and_S_transv_frontopol,Average,-0.293843532705239,-0.065951333400386,-0.503261497523239,-0.209417964818,sulcal_depth
598,G_rectus,Average,0.22612237907142,0.388481478020384,0.14772084486871,-0.0784015342027102,sulcal_depth
599,S_orbital_lateral,Average,-0.20663855243258,0.0133265224526006,-0.494971679519971,-0.288333127087391,sulcal_depth
600,G_cingul-Post-dorsal,Average,0.101608286937474,0.256728348454659,0.0360169815211501,-0.0655913054163241,sulcal_depth
601,G_and_S_cingul-Mid-Ant,Average,-0.241752020387746,-0.124382589785998,-0.370960639985778,-0.129208619598032,sulcal_depth
602,G_front_inf-Orbital,Average,-0.222016655723802,0.00117232952161008,-0.453958638833891,-0.231941983110089,sulcal_depth
603,G_temporal_inf,Average,0.307422592157819,0.412733888724951,0.208994823915752,-0.0984277682420678,sulcal_depth
604,Pole_occipital,Average,0.133269213104227,0.317138557925379,0.0627022741977985,-0.0705669389064283,sulcal_depth
605,S_central,Average,-0.38163847345177,-0.106140639585443,-0.529734175585408,-0.148095702133637,sulcal_depth
606,G_temp_sup-G_T_transv,Average,-0.134507686040011,0.0569681188403415,-0.224541313096088,-0.0900336270560772,sulcal_depth
607,S_orbital_med-olfact,Average,0.135022463189258,0.264458570740858,0.018263590188342,-0.116758873000916,sulcal_depth
608,G_oc-temp_med-Lingual,Average,0.14982064883133,0.392744557032126,0.116060628664026,-0.0337600201673041,sulcal_depth
609,S_oc_sup_and_transversal,Average,-0.107978916361003,0.133073464611403,-0.263115988173282,-0.155137071812279,sulcal_depth
610,S_calcarine,Average,-0.176884119971196,0.0687617439205929,-0.266407564076703,-0.0895234441055067,sulcal_depth
611,S_front_middle,Average,-0.387316615169098,-0.195519460778137,-0.524916176998307,-0.13759956182921,sulcal_depth
612,S_parieto_occipital,Average,-0.084579608828847,0.0893446366106211,-0.209252908439844,-0.124673299610997,sulcal_depth
613,G_and_S_cingul-Mid-Post,Average,-0.284573446557844,-0.101009111158939,-0.430561277845761,-0.145987831287917,sulcal_depth
614,G_front_inf-Opercular,Average,0.018827787303937,0.248630187920832,-0.191053123482392,-0.209880910786329,sulcal_depth
615,S_front_inf,Average,-0.236831216204939,-0.0284585336844871,-0.452965395755661,-0.216134179550723,sulcal_depth
616,G_occipital_middle,Average,0.126448599373984,0.32138224251631,-0.0376641567042153,-0.1641127560782,sulcal_depth
617,G_and_S_subcentral,Average,-0.179604577700137,0.0539527214158471,-0.434133715080519,-0.254529137380382,sulcal_depth
618,G_subcallosal,Average,0.315814659681722,0.510878281808042,0.266033111403175,-0.0497815482785466,sulcal_depth
619,Lat_Fis-post,Average,-0.518661548823239,-0.281357817657975,-0.411979626022967,0.106681922800272,sulcal_depth
620,S_circular_insula_ant,Average,-0.192274045329127,0.0147867337740806,-0.320817751280962,-0.128543705951835,sulcal_depth
621,S_circular_insula_inf,Average,-0.360167403964229,-0.0988163907680567,-0.544639657096469,-0.18447225313224,sulcal_depth
622,G_and_S_occipital_inf,Average,0.0824641314714155,0.249987733688561,-0.0942497043582903,-0.176713835829706,sulcal_depth
623,G_front_inf-Triangul,Average,-0.0698308040818296,0.147689077384143,-0.287317508715925,-0.217486704634095,sulcal_depth
624,S_intrapariet_and_P_trans,Average,-0.343427627770047,-0.102747726273979,-0.41010539400904,-0.0666777662389929,sulcal_depth
625,G_temporal_middle,Average,0.29834407250102,0.392061382964611,0.221510678331205,-0.0768333941698148,sulcal_depth
626,S_postcentral,Average,-0.162066410756899,0.0483613088786751,-0.294234540010035,-0.132168129253136,sulcal_depth
627,G_temp_sup-Plan_tempo,Average,-0.20822719812247,0.024841377271794,-0.365938276011171,-0.157711077888701,sulcal_depth
628,S_orbital-H_Shaped,Average,0.0171281489727564,0.174288840499503,-0.137297680029694,-0.154425829002451,sulcal_depth
629,G_precuneus,Average,-0.144694583251358,0.0659993046334692,-0.281794736134383,-0.137100152883025,sulcal_depth
630,G_front_middle,Average,-0.26118445226582,-0.0356854290728643,-0.470600369023853,-0.209415916758033,sulcal_depth
631,G_oc-temp_med-Parahip,Average,0.0532561631725627,0.204895003344546,0.0918368103928422,0.0385806472202796,sulcal_depth
632,S_suborbital,Average,0.144933870669473,0.307890515118752,-0.085907625871286,-0.230841496540759,sulcal_depth
633,G_pariet_inf-Supramar,Average,-0.0666800341670501,0.150037634013026,-0.203468696881126,-0.136788662714076,sulcal_depth
634,S_precentral-sup-part,Average,-0.596339701127453,-0.274356569026142,-0.856322374430758,-0.259982673303305,sulcal_depth
635,S_interm_prim-Jensen,Average,-0.120222361890717,0.122634633941118,-0.292643064333291,-0.172420702442574,sulcal_depth
636,S_precentral-inf-part,Average,-0.207126003293037,-0.0211375855027962,-0.386950115962227,-0.17982411266919,sulcal_depth
637,G_cingul-Post-ventral,Average,-0.0546638234028304,0.122979365251144,-0.0129619126010108,0.0417019108018195,sulcal_depth
638,S_collat_transv_ant,Average,0.190089677011916,0.358768612377299,0.113166740077804,-0.0769229369341119,sulcal_depth
639,S_temporal_sup,Average,-0.126164007902687,0.0479588447592387,-0.219871788093664,-0.0937077801909773,sulcal_depth
640,G_parietal_sup,Average,-0.275618685083837,-0.0329491536761003,-0.457937050825059,-0.182318365741222,sulcal_depth
641,S_pericallosal,Average,0.00379205870730868,0.146695934859606,-0.0392111716120279,-0.0430032303193366,sulcal_depth
642,G_Ins_lg_and_S_cent_ins,Average,-0.153585680813635,0.133896200166758,-0.369244093083132,-0.215658412269497,sulcal_depth
643,S_occipital_ant,Average,-0.202063859110157,0.000228126829054343,-0.326165319933122,-0.124101460822965,sulcal_depth
644,Lat_Fis-ant-Vertical,Average,-0.164275425376675,0.069161347991412,-0.409752723201786,-0.245477297825111,sulcal_depth
645,G_temp_sup-Lateral,Average,0.135378366792981,0.357051301760821,-0.0594982875249982,-0.19487665431798,sulcal_depth
646,G_and_S_paracentral,Average,-0.228615585174076,-0.063849103051789,-0.311854748277235,-0.0832391631031597,sulcal_depth
647,G_and_S_frontomargin,Average,-0.243952128390962,-0.0663110284156758,-0.380040124637348,-0.136087996246386,sulcal_depth
648,Pole_temporal,Average,0.259648723206802,0.407940451257192,0.169883548524939,-0.0897651746818624,sulcal_depth
649,G_postcentral,Average,-0.131003216691548,0.0988606710120959,-0.287594976112293,-0.156591759420746,sulcal_depth
650,S_oc-temp_med_and_Lingual,Average,-0.0293615617362337,0.16488068439924,-0.0788306532784341,-0.0494690915422004,sulcal_depth
651,G_front_sup,Average,-0.164081662677088,0.0211797271095524,-0.33887762073508,-0.174795958057992,sulcal_depth
652,G_orbital,Average,0.0790768016334784,0.253868576305843,-0.0825320582839209,-0.161608859917399,sulcal_depth
653,S_circular_insula_sup,Average,-0.483952153918001,-0.229543276608293,-0.591748841857424,-0.107796687939423,sulcal_depth
654,S_cingul-Marginalis,Average,-0.219250169422458,-0.0438328310693857,-0.336916867651047,-0.117666698228589,sulcal_depth
655,G_cuneus,Average,0.289628427806876,0.44339095465156,0.296258127152036,0.00662969934516028,sulcal_depth
656,G_and_S_cingul-Ant,Average,-0.173665703531457,-0.00446437326365726,-0.341586071614464,-0.167920368083007,sulcal_depth
657,S_temporal_inf,Average,0.269212031656157,0.38977186688468,0.140042727596281,-0.129169304059875,sulcal_depth
658,S_oc-temp_lat,Average,0.434104612869484,0.558780906157753,0.317433272209019,-0.116671340660465,sulcal_depth
659,G_oc-temp_lat-fusifor,Average,0.155977606548235,0.361299905030883,0.0404563274043283,-0.115521279143906,sulcal_depth
660,G_pariet_inf-Angular,Average,-0.206285705470996,0.031450302701829,-0.311192975231824,-0.104907269760828,sulcal_depth
661,G_occipital_sup,Average,0.0471416675162559,0.286146395500341,-0.0253595432393534,-0.0725012107556093,sulcal_depth
662,G_precentral,Average,-0.425495517663166,-0.169179761427871,-0.565045165802183,-0.139549648139016,sulcal_depth
663,S_collat_transv_post,Average,0.287103968117675,0.456450409529797,0.154949046117914,-0.132154921999761,sulcal_depth
664,G_insular_short,Average,-0.256145363963439,0.0204678399017885,-0.473788950086493,-0.217643586123054,sulcal_depth
665,Lat_Fis-ant-Horizont,Average,-0.301017222781325,-0.0990030118774335,-0.496587650293623,-0.195570427512298,sulcal_depth
666,S_oc_middle_and_Lunatus,Right,3.65150532707879,3.32739923127639,4.55381435684225,0.902309029763456,thickness
667,S_temporal_transverse,Right,3.59095883177126,3.26114612703469,4.68269384797415,1.0917350162029,thickness
668,S_front_sup,Right,3.63064993407366,3.57670060645769,3.83732790470293,0.206677970629268,thickness
669,S_subparietal,Right,4.80457465307665,4.55801453005643,5.00763376243904,0.203059109362385,thickness
670,G_temp_sup-Plan_polar,Right,1.00198844397544,0.736779582864463,2.21967226392026,1.21768381994481,thickness
671,G_and_S_transv_frontopol,Left,3.75224886512013,3.41670540873381,4.12861519456405,0.376366329443921,thickness
672,G_rectus,Right,5.08604382081606,5.08970880642887,5.11185862408252,0.0258148032664591,thickness
673,S_orbital_lateral,Left,4.00901147068163,3.85093533924443,4.08628233068514,0.0772708600035026,thickness
674,G_cingul-Post-dorsal,Left,3.38051647702494,3.31323545516156,4.20437589383718,0.82385941681224,thickness
675,G_and_S_cingul-Mid-Ant,Left,3.93290682957551,3.83925042586378,4.20841109427109,0.275504264695575,thickness
676,G_front_inf-Orbital,Right,2.81949886497385,2.27441040609776,3.43479445605804,0.615295591084193,thickness
677,G_temporal_inf,Left,3.48546762129291,3.13377527995468,4.55075972726473,1.06529210597182,thickness
678,Pole_occipital,Right,3.43540607775854,3.02183779197605,4.16881037550009,0.733404297741549,thickness
679,S_central,Right,4.58232690811115,4.54892451065053,4.72435912089283,0.14203221278168,thickness
680,G_temp_sup-G_T_transv,Left,4.32319207115712,4.05122201672252,4.76481298944013,0.441620918283008,thickness
681,S_orbital_med-olfact,Right,3.9777834588213,3.85936236978796,4.31798681683729,0.340203358015983,thickness
682,G_oc-temp_med-Lingual,Left,4.49656555876753,4.4015720744121,4.96484890897629,0.468283350208755,thickness
683,S_oc_sup_and_transversal,Right,4.28880825511643,3.81743597786026,4.8075599581086,0.51875170299217,thickness
684,S_calcarine,Right,3.78499088575673,3.43102850020958,4.34072441721016,0.555733531453428,thickness
685,S_front_middle,Right,5.40582883636139,5.30644680733675,5.27348260290368,-0.132346233457715,thickness
686,S_parieto_occipital,Left,5.14930956802156,5.11645520422412,5.61434573188506,0.4650361638635,thickness
687,G_and_S_cingul-Mid-Post,Right,3.96642504927791,3.85036897822155,4.0186717028958,0.0522466536178885,thickness
688,G_front_inf-Opercular,Left,3.71807159963962,3.56477067930365,3.97678814605329,0.258716546413674,thickness
689,S_front_inf,Left,4.49270780258974,4.36174174702433,4.59563060162137,0.102922799031636,thickness
690,G_occipital_middle,Left,5.13613022932909,5.15671460302286,5.31787452736875,0.181744298039661,thickness
691,G_and_S_subcentral,Right,3.51592549737259,3.24762545632045,3.98959683438602,0.47367133701343,thickness
692,G_subcallosal,Left,2.62972473860553,2.12335289894931,3.38623199961015,0.756507261004618,thickness
693,Lat_Fis-post,Right,2.95981927682106,2.68929012079468,3.75651933774449,0.796700060923437,thickness
694,S_circular_insula_ant,Right,2.48331835073828,2.16929610456792,3.18442349339163,0.701105142653349,thickness
695,S_circular_insula_inf,Right,2.50793102539727,2.21054536922919,3.18037039949011,0.672439374092837,thickness
696,G_and_S_occipital_inf,Right,3.25159948361118,2.82408144197436,3.90084024195702,0.649240758345842,thickness
697,G_front_inf-Triangul,Right,4.52628517253293,4.33278425226322,4.53516472889236,0.00887955635942816,thickness
698,S_intrapariet_and_P_trans,Right,3.94049674388334,3.65646729414712,4.21941005887748,0.278913314994146,thickness
699,G_temporal_middle,Right,2.50035822094435,2.26570969961237,3.54719187769103,1.04683365674669,thickness
700,S_postcentral,Left,3.35417301991174,3.25948595099451,3.65075354656538,0.296580526653639,thickness
701,G_temp_sup-Plan_tempo,Right,3.04729282180887,2.55613885180169,3.81525194986895,0.76795912806008,thickness
702,S_orbital-H_Shaped,Left,2.80728647366713,2.61904803242631,3.41314709558417,0.605860621917039,thickness
703,G_precuneus,Left,3.24951327526757,3.04808704905504,3.74875454476197,0.499241269494401,thickness
704,G_front_middle,Left,3.62805925419807,3.49895293391417,3.81563993989898,0.187580685700919,thickness
705,G_oc-temp_med-Parahip,Right,2.01005593950938,1.92140618442738,3.07404757806467,1.06399163855529,thickness
706,S_suborbital,Left,2.83871707872528,2.49611282942705,3.41755363881858,0.578836560093302,thickness
707,G_pariet_inf-Supramar,Right,3.79409041995885,3.502774384015,4.36509570641957,0.57100528646072,thickness
708,S_precentral-sup-part,Right,3.24259565553554,3.23940458759338,3.45392975897019,0.21133410343465,thickness
709,G_and_S_transv_frontopol,Right,4.30175060985024,3.91247460658072,4.46650735601789,0.164756746167649,thickness
710,S_interm_prim-Jensen,Right,4.75594517537923,4.49716688506589,5.06688189814008,0.310936722760846,thickness
711,S_precentral-inf-part,Left,3.25827047072036,3.24882814335604,3.61140902889922,0.353138558178855,thickness
712,G_cingul-Post-ventral,Right,2.80627510690165,2.57382742297316,3.77778111173824,0.971506004836582,thickness
713,G_cingul-Post-dorsal,Right,3.87474385446252,3.71177956385753,4.53557299556048,0.660829141097958,thickness
714,S_collat_transv_ant,Right,1.65209106246413,1.33782851587102,2.9787743762889,1.32668331382477,thickness
715,G_and_S_cingul-Mid-Ant,Right,2.93026268776449,2.95257986325169,3.17872733311735,0.248464645352858,thickness
716,S_temporal_sup,Right,3.31332938266243,3.03296730602873,4.08451964086929,0.771190258206861,thickness
717,G_parietal_sup,Left,3.62095846631499,3.40573979118805,3.82446635643317,0.203507890118177,thickness
718,S_pericallosal,Left,5.78966298238437,5.80125538625278,6.04308609905277,0.253423116668403,thickness
719,G_Ins_lg_and_S_cent_ins,Right,2.44688995211567,2.11917858516952,3.09751279116657,0.650622839050898,thickness
720,S_occipital_ant,Left,4.46667246329653,4.30834300144232,4.88369167084651,0.417019207549979,thickness
721,Lat_Fis-ant-Vertical,Right,4.28881180600487,4.28972359186604,4.246787760761,-0.0420240452438714,thickness
722,G_temp_sup-Lateral,Left,3.69225484651533,3.39882040277077,4.45843712925037,0.766182282735045,thickness
723,G_and_S_paracentral,Left,2.47379178470078,2.27868195178213,2.89323595798957,0.419444173288782,thickness
724,S_parieto_occipital,Right,4.16015735679522,3.79865180246858,4.63515806511188,0.475000708316662,thickness
725,G_and_S_frontomargin,Left,3.18753273910757,2.95717132717492,3.72711383589272,0.539581096785149,thickness
726,G_occipital_middle,Right,4.4691958883651,4.19131918683671,4.88399009682387,0.414794208458767,thickness
727,Pole_temporal,Left,2.57382202440446,2.36556206543338,3.75698260226645,1.183160577862,thickness
728,G_postcentral,Left,2.95349629871397,2.75068949253774,3.25790574147894,0.304409442764969,thickness
729,S_oc-temp_med_and_Lingual,Right,2.1058914710341,1.71750611364472,3.30154713963153,1.19565566859744,thickness
730,G_front_sup,Left,3.01507778405506,2.8431369693762,3.3831160271489,0.368038243093835,thickness
731,G_orbital,Right,2.59795039394218,2.15713266174042,3.23331710565244,0.635366711710258,thickness
732,S_circular_insula_sup,Left,3.83476666663458,3.8290166465033,3.94286226899754,0.108095602362966,thickness
733,S_cingul-Marginalis,Left,3.98571233784499,3.87025949181156,4.4548729490878,0.469160611242812,thickness
734,G_cuneus,Left,6.7068809921989,6.91284661938603,6.79991880577643,0.0930378135775261,thickness
735,G_and_S_cingul-Ant,Left,3.78156593194009,3.63694257601502,4.19394634498977,0.41238041304968,thickness
736,S_temporal_inf,Left,3.44914700303608,3.19150574445067,4.45442469432085,1.00527769128477,thickness
737,S_oc_middle_and_Lunatus,Left,5.46895977087961,5.45703718411674,5.9835361071061,0.514576336226495,thickness
738,S_temporal_transverse,Left,3.62731572583251,3.49483879855881,4.19623005381006,0.568914327977554,thickness
739,S_oc-temp_lat,Left,5.57104197286495,5.4813319176447,6.1895600175085,0.618518044643547,thickness
740,S_front_sup,Left,3.43098239764927,3.30630073536257,3.80541411422357,0.374431716574295,thickness
741,S_subparietal,Left,2.54453059584411,1.98807945740875,3.61622627189111,1.071695676047,thickness
742,G_temp_sup-Plan_polar,Left,2.99263110698544,3.00775951793333,3.71123264161335,0.718601534627909,thickness
743,G_oc-temp_lat-fusifor,Left,3.80017575990944,3.536221294513,4.37303559631124,0.572859836401799,thickness
744,G_pariet_inf-Angular,Left,5.074291663933,5.02640693211343,5.25252522768363,0.178233563750626,thickness
745,G_occipital_sup,Left,5.69052943029476,5.72179792179178,5.79355166338655,0.103022233091786,thickness
746,S_precentral-inf-part,Right,4.65566128430241,4.62380366940311,4.74487790534097,0.0892166210385588,thickness
747,G_rectus,Left,2.57117346622158,2.36360366008768,3.16383705959666,0.592663593375076,thickness
748,S_orbital_lateral,Right,4.800634975146,4.42634344020698,5.1013276618556,0.300692686709604,thickness
749,S_pericallosal,Right,4.82850320986483,4.8591876733671,4.92608146192373,0.0975782520589021,thickness
750,S_occipital_ant,Right,3.14602247534672,2.73837008236369,4.01448081453257,0.868458339185846,thickness
751,G_temporal_inf,Right,1.5937085375024,1.33258261241987,3.04797756248275,1.45426902498035,thickness
752,S_orbital_med-olfact,Left,2.78535863403802,2.67661513840088,3.50672247300494,0.721363838966919,thickness
753,G_temp_sup-G_T_transv,Right,2.24690493279593,1.82463819771514,3.05907628719653,0.812171354400602,thickness
754,S_calcarine,Left,4.35222020956991,4.25315817442896,4.92370003034367,0.571479820773762,thickness
755,G_oc-temp_med-Lingual,Right,2.80894549100411,2.3822343372814,3.65820302280009,0.849257531795975,thickness
756,G_and_S_frontomargin,Right,4.14227165036613,3.91584981350231,4.28632430956936,0.144052659203233,thickness
757,G_and_S_cingul-Mid-Post,Left,3.06966091461017,2.83354216770501,3.45879668701277,0.389135772402601,thickness
758,G_front_inf-Opercular,Right,4.78903559738116,4.73700377793389,4.94359805570243,0.154562458321261,thickness
759,G_postcentral,Right,5.10517304699479,5.23650511901874,5.30462942797072,0.199456380975931,thickness
760,G_and_S_subcentral,Left,2.7841262189326,2.58123703424803,3.21677985934013,0.432653640407529,thickness
761,S_front_inf,Right,5.20095577684569,5.16938242335762,5.16314044214506,-0.0378153347006309,thickness
762,G_precentral,Left,2.43373284535443,2.28593146424933,2.93732133001322,0.503588484658792,thickness
763,G_front_sup,Right,3.46122875924862,3.29341850250299,3.67700391630149,0.215775157052863,thickness
764,G_subcallosal,Right,6.65939761257343,6.92443599715701,6.53970344538704,-0.119694167186394,thickness
765,S_circular_insula_sup,Right,4.42534622971478,4.57694041891764,4.55232512736739,0.126978897652609,thickness
766,S_circular_insula_inf,Left,3.6653752007614,3.5586324138807,4.01247741657599,0.347102215814596,thickness
767,G_and_S_occipital_inf,Left,3.86533364879382,3.61398890326844,4.31312301968796,0.447789370894138,thickness
768,G_cuneus,Right,4.64608855493116,4.16762232479931,5.07732665639806,0.431238101466895,thickness
769,G_front_inf-Triangul,Left,4.63532942206462,4.51688003161235,4.85991001826493,0.224580596200304,thickness
770,S_intrapariet_and_P_trans,Left,5.11089524654673,5.05242364064174,5.38442965761052,0.273534411063782,thickness
771,S_collat_transv_post,Left,3.49135708197754,3.3330084440604,4.4634147413081,0.972057659330556,thickness
772,G_insular_short,Left,4.06630213345031,4.02386539882451,4.31293504173567,0.24663290828536,thickness
773,G_temp_sup-Plan_tempo,Left,4.05951524834643,3.89350020564347,4.44694217806942,0.387426929722986,thickness
774,S_postcentral,Right,5.28868015432929,5.22979043778774,5.56969742707163,0.281017272742344,thickness
775,S_oc-temp_lat,Right,2.40280856223138,2.10518130261645,3.63249197631858,1.2296834140872,thickness
776,S_orbital-H_Shaped,Right,2.74094701153358,2.21952862720587,3.33634567203561,0.595398660502036,thickness
777,G_oc-temp_med-Parahip,Left,2.41206466333399,2.47424590143713,3.34729994796824,0.935235284634257,thickness
778,G_precuneus,Right,4.84032306474785,4.63602001390332,4.84462955065932,0.00430648591147342,thickness
779,Lat_Fis-ant-Horizont,Left,5.33635925613144,5.4356611211356,5.35636900105687,0.0200097449254288,thickness
780,G_front_middle,Right,4.58670179896442,4.5114463850485,4.61976050734476,0.0330587083803335,thickness
781,G_pariet_inf-Supramar,Left,3.29538023948248,3.17281441334984,3.75709036500397,0.461710125521486,thickness
782,S_suborbital,Right,4.49800578920663,4.33759939641726,4.73923442989623,0.241228640689603,thickness
783,S_precentral-sup-part,Left,2.74946769794111,2.70038609047723,3.07582838371728,0.326360685776175,thickness
784,G_oc-temp_lat-fusifor,Right,1.65555392133413,1.39476692933019,3.01031932226414,1.35476540093001,thickness
785,S_interm_prim-Jensen,Left,2.62853051016076,2.52478000472068,3.17721586619246,0.548685356031695,thickness
786,G_pariet_inf-Angular,Right,3.88247092946865,3.54781829283191,4.26466706304996,0.382196133581313,thickness
787,G_occipital_sup,Right,4.87788636644971,4.59636466503308,5.10777833570043,0.229891969250725,thickness
788,G_cingul-Post-ventral,Left,4.92679971831356,4.9537911203996,5.40672285729931,0.479923138985749,thickness
789,S_collat_transv_ant,Left,4.95253039944935,4.76398757554277,5.6516768295584,0.699146430109048,thickness
790,S_temporal_sup,Left,4.13628149369786,4.04338002276673,4.64911101390886,0.512829520211,thickness
791,G_Ins_lg_and_S_cent_ins,Left,3.35528131858746,3.32356028627696,3.84686215377297,0.491580835185512,thickness
792,G_parietal_sup,Right,3.89976982282963,3.6108915808604,4.11506310385709,0.215293281027461,thickness
793,G_front_inf-Orbital,Left,2.97802776629151,2.85687526920628,3.44847068037045,0.470442914078943,thickness
794,Pole_occipital,Left,4.3468194126704,4.27661762927238,4.79317926346666,0.44635985079626,thickness
795,S_central,Left,3.06562272535372,2.93905410045925,3.4788011554686,0.413178430114885,thickness
796,Lat_Fis-ant-Vertical,Left,3.60542370392287,3.52979297242154,3.91962536422082,0.314201660297944,thickness
797,S_oc_sup_and_transversal,Left,5.0715454431136,5.08497178819441,5.32998838215854,0.258442939044941,thickness
798,G_temp_sup-Lateral,Right,2.58304095509202,2.22958307260307,3.48403235441454,0.900991399322517,thickness
799,G_and_S_paracentral,Right,4.42909984771604,4.3158915670575,4.51188226024362,0.0827824125275809,thickness
800,S_front_middle,Left,3.59687179453281,3.59390837123035,3.87885164643342,0.281979851900611,thickness
801,G_precentral,Right,3.26708024589457,3.14159943750984,3.50346120815248,0.236380962257915,thickness
802,Pole_temporal,Right,1.8267413000622,1.33657265042022,3.13709146784198,1.31035016777978,thickness
803,S_oc-temp_med_and_Lingual,Left,4.32571701790049,4.2476208440297,4.77039705205164,0.444680034151149,thickness
804,G_orbital,Left,2.52295825782113,2.32534732045575,3.24415933686906,0.721201079047932,thickness
805,Lat_Fis-post,Left,3.09582922538525,2.8974956840337,3.56818232776554,0.472353102380292,thickness
806,S_circular_insula_ant,Left,2.5929012549929,2.4535520858397,3.32577161124473,0.732870356251828,thickness
807,S_collat_transv_post,Right,3.06113083019613,2.49481470306989,4.34558941164765,1.28445858145152,thickness
808,G_insular_short,Right,2.3113354076571,2.08957426188791,2.93852276332279,0.627187355665693,thickness
809,S_cingul-Marginalis,Right,4.76687179952258,4.6711940124224,4.93034650438666,0.163474704864076,thickness
810,G_temporal_middle,Left,4.0572396136128,3.95556315967817,4.83169727500629,0.774457661393489,thickness
811,Lat_Fis-ant-Horizont,Right,3.4888363938426,3.1992453468773,3.64293427980704,0.154097885964435,thickness
812,G_and_S_cingul-Ant,Right,4.01858006295906,3.95318150802577,4.20389500193827,0.185314938979212,thickness
813,S_temporal_inf,Right,2.18798236498788,2.0129028741303,3.43171583478272,1.24373346979484,thickness
814,S_oc_middle_and_Lunatus,Average,4.5602325489792,4.39221820769657,5.26867523197418,0.708442682994976,thickness
815,S_temporal_transverse,Average,3.60913727880188,3.37799246279675,4.43946195089211,0.830324672090226,thickness
816,S_front_sup,Average,3.53081616586147,3.44150067091013,3.82137100946325,0.290554843601782,thickness
817,S_subparietal,Average,3.67455262446038,3.27304699373259,4.31193001716507,0.637377392704694,thickness
818,G_temp_sup-Plan_polar,Average,1.99730977548044,1.8722695503989,2.9654524527668,0.968142677286362,thickness
819,G_and_S_transv_frontopol,Average,4.02699973748519,3.66459000765726,4.29756127529097,0.270561537805786,thickness
820,G_rectus,Average,3.82860864351882,3.72665623325827,4.13784784183959,0.309239198320767,thickness
821,S_orbital_lateral,Average,4.40482322291382,4.13863938972571,4.59380499627037,0.188981773356553,thickness
822,G_cingul-Post-dorsal,Average,3.62763016574373,3.51250750950955,4.36997444469883,0.742344278955099,thickness
823,G_and_S_cingul-Mid-Ant,Average,3.43158475867,3.39591514455774,3.69356921369422,0.261984455024217,thickness
824,G_front_inf-Orbital,Average,2.89876331563268,2.56564283765202,3.44163256821425,0.542869252581568,thickness
825,G_temporal_inf,Average,2.53958807939765,2.23317894618727,3.79936864487374,1.25978056547608,thickness
826,Pole_occipital,Average,3.89111274521447,3.64922771062422,4.48099481948338,0.589882074268905,thickness
827,S_central,Average,3.82397481673243,3.74398930555489,4.10158013818072,0.277605321448283,thickness
828,G_temp_sup-G_T_transv,Average,3.28504850197652,2.93793010721883,3.91194463831833,0.626896136341805,thickness
829,S_orbital_med-olfact,Average,3.38157104642966,3.26798875409442,3.91235464492111,0.530783598491451,thickness
830,G_oc-temp_med-Lingual,Average,3.65275552488582,3.39190320584675,4.31152596588819,0.658770441002365,thickness
831,S_oc_sup_and_transversal,Average,4.68017684911501,4.45120388302733,5.06877417013357,0.388597321018556,thickness
832,S_calcarine,Average,4.06860554766332,3.84209333731927,4.63221222377691,0.563606676113595,thickness
833,S_front_middle,Average,4.5013503154471,4.45017758928355,4.57616712466855,0.0748168092214474,thickness
834,S_parieto_occipital,Average,4.65473346240839,4.45755350334635,5.12475189849847,0.470018436090081,thickness
835,G_and_S_cingul-Mid-Post,Average,3.51804298194404,3.34195557296328,3.73873419495428,0.220691213010245,thickness
836,G_front_inf-Opercular,Average,4.25355359851039,4.15088722861877,4.46019310087786,0.206639502367469,thickness
837,S_front_inf,Average,4.84683178971771,4.76556208519098,4.87938552188321,0.0325537321655016,thickness
838,G_occipital_middle,Average,4.8026630588471,4.67401689492979,5.10093231209631,0.298269253249213,thickness
839,G_and_S_subcentral,Average,3.1500258581526,2.91443124528424,3.60318834686308,0.453162488710479,thickness
840,G_subcallosal,Average,4.64456117558948,4.52389444805316,4.96296772249859,0.318406546909112,thickness
841,Lat_Fis-post,Average,3.02782425110315,2.79339290241419,3.66235083275502,0.634526581651864,thickness
842,S_circular_insula_ant,Average,2.53810980286559,2.31142409520381,3.25509755231818,0.716987749452589,thickness
843,S_circular_insula_inf,Average,3.08665311307934,2.88458889155494,3.59642390803305,0.509770794953716,thickness
844,G_and_S_occipital_inf,Average,3.5584665662025,3.2190351726214,4.10698163082249,0.54851506461999,thickness
845,G_front_inf-Triangul,Average,4.58080729729878,4.42483214193779,4.69753737357864,0.116730076279866,thickness
846,S_intrapariet_and_P_trans,Average,4.52569599521504,4.35444546739443,4.801919858244,0.276223863028964,thickness
847,G_temporal_middle,Average,3.27879891727858,3.11063642964527,4.18944457634866,0.910645659070087,thickness
848,S_postcentral,Average,4.32142658712051,4.24463819439112,4.61022548681851,0.288798899697992,thickness
849,G_temp_sup-Plan_tempo,Average,3.55340403507765,3.22481952872258,4.13109706396919,0.577693028891533,thickness
850,S_orbital-H_Shaped,Average,2.77411674260035,2.41928832981609,3.37474638380989,0.600629641209538,thickness
851,G_precuneus,Average,4.04491817000771,3.84205353147918,4.29669204771064,0.251773877702936,thickness
852,G_front_middle,Average,4.10738052658125,4.00519965948134,4.21770022362187,0.110319697040626,thickness
853,G_oc-temp_med-Parahip,Average,2.21106030142168,2.19782604293225,3.21067376301646,0.999613461594774,thickness
854,S_suborbital,Average,3.66836143396596,3.41685611292215,4.07839403435741,0.410032600391452,thickness
855,G_pariet_inf-Supramar,Average,3.54473532972067,3.33779439868242,4.06109303571177,0.516357705991103,thickness
856,S_precentral-sup-part,Average,2.99603167673833,2.96989533903531,3.26487907134374,0.268847394605412,thickness
857,S_interm_prim-Jensen,Average,3.69223784277,3.51097344489328,4.12204888216627,0.42981103939627,thickness
858,S_precentral-inf-part,Average,3.95696587751139,3.93631590637957,4.17814346712009,0.221177589608707,thickness
859,G_cingul-Post-ventral,Average,3.86653741260761,3.76380927168638,4.59225198451877,0.725714571911165,thickness
860,S_collat_transv_ant,Average,3.30231073095674,3.0509080457069,4.31522560292365,1.01291487196691,thickness
861,S_temporal_sup,Average,3.72480543818015,3.53817366439773,4.36681532738908,0.64200988920893,thickness
862,G_parietal_sup,Average,3.76036414457231,3.50831568602423,3.96976473014513,0.209400585572819,thickness
863,S_pericallosal,Average,5.3090830961246,5.33022152980994,5.48458378048825,0.175500684363652,thickness
864,G_Ins_lg_and_S_cent_ins,Average,2.90108563535157,2.72136943572324,3.47218747246977,0.571101837118205,thickness
865,S_occipital_ant,Average,3.80634746932162,3.523356541903,4.44908624268954,0.642738773367913,thickness
866,Lat_Fis-ant-Vertical,Average,3.94711775496387,3.90975828214379,4.08320656249091,0.136088807527036,thickness
867,G_temp_sup-Lateral,Average,3.13764790080367,2.81420173768692,3.97123474183246,0.833586841028781,thickness
868,G_and_S_paracentral,Average,3.45144581620841,3.29728675941982,3.70255910911659,0.251113292908182,thickness
869,G_and_S_frontomargin,Average,3.66490219473685,3.43651057033861,4.00671907273104,0.341816877994191,thickness
870,Pole_temporal,Average,2.20028166223333,1.8510673579268,3.44703703505422,1.24675537282089,thickness
871,G_postcentral,Average,4.02933467285438,3.99359730577824,4.28126758472483,0.25193291187045,thickness
872,S_oc-temp_med_and_Lingual,Average,3.21580424446729,2.98256347883721,4.03597209584158,0.820167851374293,thickness
873,G_front_sup,Average,3.23815327165184,3.06827773593959,3.53005997172519,0.291906700073349,thickness
874,G_orbital,Average,2.56045432588166,2.24123999109809,3.23873822126075,0.678283895379095,thickness
875,S_circular_insula_sup,Average,4.13005644817468,4.20297853271047,4.24759369818246,0.117537250007786,thickness
876,S_cingul-Marginalis,Average,4.37629206868379,4.27072675211698,4.69260972673723,0.316317658053444,thickness
877,G_cuneus,Average,5.67648477356503,5.54023447209267,5.93862273108724,0.262137957522211,thickness
878,G_and_S_cingul-Ant,Average,3.90007299744957,3.79506204202039,4.19892067346402,0.298847676014446,thickness
879,S_temporal_inf,Average,2.81856468401198,2.60220430929048,3.94307026455179,1.12450558053981,thickness
880,S_oc-temp_lat,Average,3.98692526754816,3.79325661013057,4.91102599691354,0.924100729365374,thickness
881,G_oc-temp_lat-fusifor,Average,2.72786484062179,2.4654941119216,3.69167745928769,0.963812618665902,thickness
882,G_pariet_inf-Angular,Average,4.47838129670083,4.28711261247267,4.7585961453668,0.280214848665969,thickness
883,G_occipital_sup,Average,5.28420789837224,5.15908129341243,5.45066499954349,0.166457101171256,thickness
884,G_precentral,Average,2.8504065456245,2.71376545087958,3.22039126908285,0.369984723458353,thickness
885,S_collat_transv_post,Average,3.27624395608683,2.91391157356515,4.40450207647787,1.12825812039104,thickness
886,G_insular_short,Average,3.1888187705537,3.05671983035621,3.62572890252923,0.436910131975527,thickness
887,Lat_Fis-ant-Horizont,Average,4.41259782498702,4.31745323400645,4.49965164043195,0.0870538154449321,thickness
888,S_oc_middle_and_Lunatus,Right,1.09456031152206,0.463675324954208,2.62481668736229,1.53025637584023,WM-GM_ratio
889,S_temporal_transverse,Right,1.11030634527624,0.663681895256994,3.22287729825449,2.11257095297825,WM-GM_ratio
890,S_front_sup,Right,1.35684836587533,0.984329429498843,2.33951070141124,0.982662335535911,WM-GM_ratio
891,S_subparietal,Right,2.61204549851406,2.23560139007019,3.81387816232664,1.20183266381257,WM-GM_ratio
892,G_temp_sup-Plan_polar,Right,0.555759757719321,0.413980783316954,1.95200603264847,1.39624627492915,WM-GM_ratio
893,G_and_S_transv_frontopol,Left,-0.109204632376003,-0.441976792845071,0.835089679903734,0.944294312279737,WM-GM_ratio
894,G_rectus,Right,3.34471221740219,3.22228771392098,4.0027979227668,0.658085705364611,WM-GM_ratio
895,S_orbital_lateral,Left,0.955951005295263,0.860698369963363,1.98286793678312,1.02691693148786,WM-GM_ratio
896,G_cingul-Post-dorsal,Left,1.56492791499734,1.21587777968894,3.07176408963896,1.50683617464161,WM-GM_ratio
897,G_and_S_cingul-Mid-Ant,Left,1.41637064197177,1.01917018228604,2.61131967951027,1.1949490375385,WM-GM_ratio
898,G_front_inf-Orbital,Right,0.278270798942839,-0.189490389465806,1.57588698886614,1.2976161899233,WM-GM_ratio
899,G_temporal_inf,Left,0.542074157340505,-0.025481100200814,2.45944617790245,1.91737202056195,WM-GM_ratio
900,Pole_occipital,Right,0.110303084181318,-0.229400649423062,1.77993164637801,1.66962856219669,WM-GM_ratio
901,S_central,Right,4.29974079373717,4.10835424988731,4.85743948053828,0.557698686801114,WM-GM_ratio
902,G_temp_sup-G_T_transv,Left,2.72760452560355,2.15507057897132,3.69698997346009,0.969385447856541,WM-GM_ratio
903,S_orbital_med-olfact,Right,1.1758282823835,1.02767308691162,2.12408464092691,0.948256358543409,WM-GM_ratio
904,G_oc-temp_med-Lingual,Left,3.20143311396241,2.7800997545148,4.32834683629099,1.12691372232858,WM-GM_ratio
905,S_oc_sup_and_transversal,Right,1.64113945942915,1.20311580880001,2.68237870635663,1.04123924692748,WM-GM_ratio
906,S_calcarine,Right,2.17106795218153,1.50950060485932,3.83391825795837,1.66285030577684,WM-GM_ratio
907,S_front_middle,Right,2.58658283041271,2.28655219097686,3.49654572436752,0.909962893954807,WM-GM_ratio
908,S_parieto_occipital,Left,3.26721154290018,2.80421142412607,4.47174855077227,1.20453700787209,WM-GM_ratio
909,G_and_S_cingul-Mid-Post,Right,1.94814518972312,1.66092363827725,2.79930736510375,0.851162175380626,WM-GM_ratio
910,G_front_inf-Opercular,Left,1.6431091757818,1.19996546003363,2.64808963126055,1.00498045547875,WM-GM_ratio
911,S_front_inf,Left,2.01348949264501,1.64055339534677,3.17323197882808,1.15974248618307,WM-GM_ratio
912,G_occipital_middle,Left,2.89373177623472,2.56220904610598,3.8356762599366,0.941944483701874,WM-GM_ratio
913,G_and_S_subcentral,Right,1.85977190315407,1.46321327127462,2.9890551572688,1.12928325411473,WM-GM_ratio
914,G_subcallosal,Left,0.830307589105613,0.0298547098988696,2.06109203271622,1.2307844436106,WM-GM_ratio
915,Lat_Fis-post,Right,0.951866102275894,0.350132995050473,2.92032152428666,1.96845542201076,WM-GM_ratio
916,S_circular_insula_ant,Right,0.798610365757145,0.528610652497561,2.14041491031667,1.34180454455953,WM-GM_ratio
917,S_circular_insula_inf,Right,1.5857656702505,1.41639687392313,2.62269388548858,1.03692821523808,WM-GM_ratio
918,G_and_S_occipital_inf,Right,0.885557474420688,0.525384120201872,2.20441769312561,1.31886021870492,WM-GM_ratio
919,G_front_inf-Triangul,Right,3.38717040609832,2.93326754499084,4.09274739424583,0.705576988147511,WM-GM_ratio
920,S_intrapariet_and_P_trans,Right,1.72070300696505,1.36188448277479,2.78432833349686,1.06362532653181,WM-GM_ratio
921,G_temporal_middle,Right,0.299552384165083,-0.112106174631446,2.07494947743975,1.77539709327466,WM-GM_ratio
922,S_postcentral,Left,1.01120117008267,0.651099824731023,2.34515564354468,1.33395447346201,WM-GM_ratio
923,G_temp_sup-Plan_tempo,Right,0.921669620624238,0.400696229293244,2.55581037308728,1.63414075246304,WM-GM_ratio
924,S_orbital-H_Shaped,Left,0.403864932653319,0.0488506815408237,1.9190536833721,1.51518875071878,WM-GM_ratio
925,G_precuneus,Left,0.954791552687559,0.491373034909465,2.30133226471486,1.3465407120273,WM-GM_ratio
926,G_front_middle,Left,1.01098637487018,0.637392683423827,2.25226967379575,1.24128329892557,WM-GM_ratio
927,G_oc-temp_med-Parahip,Right,0.0323789734219095,-0.315409783045432,1.76477293711677,1.73239396369486,WM-GM_ratio
928,S_suborbital,Left,0.126905762932562,-0.394981117286749,1.3690182548419,1.24211249190934,WM-GM_ratio
929,G_pariet_inf-Supramar,Right,3.09036792482719,2.66581073480791,4.17647228922334,1.08610436439615,WM-GM_ratio
930,S_precentral-sup-part,Right,2.93451134509833,2.71655857616479,3.80721024930426,0.872698904205928,WM-GM_ratio
931,G_and_S_transv_frontopol,Right,0.912391146893635,0.570244655522061,1.62243643287054,0.71004528597691,WM-GM_ratio
932,S_interm_prim-Jensen,Right,3.25972703432375,2.59384078337198,4.44092021010769,1.18119317578394,WM-GM_ratio
933,S_precentral-inf-part,Left,1.35642570162613,0.93769892638337,2.52832646366826,1.17190076204213,WM-GM_ratio
934,G_cingul-Post-ventral,Right,0.963458555240594,0.658039406005398,2.54436567697175,1.58090712173115,WM-GM_ratio
935,G_cingul-Post-dorsal,Right,1.42427777456402,1.10108022620253,2.89596676244735,1.47168898788334,WM-GM_ratio
936,S_collat_transv_ant,Right,-0.532551605017627,-0.663494412752269,1.22317591504374,1.75572752006137,WM-GM_ratio
937,G_and_S_cingul-Mid-Ant,Right,0.342224861138862,0.176627031831226,1.58152046560324,1.23929560446438,WM-GM_ratio
938,S_temporal_sup,Right,1.28394959815608,0.834540788183196,2.87083518317998,1.5868855850239,WM-GM_ratio
939,G_parietal_sup,Left,1.38691234995463,1.03278809995585,2.35164892807088,0.964736578116253,WM-GM_ratio
940,S_pericallosal,Left,4.43685797966303,4.15125670505456,5.22571987207018,0.788861892407152,WM-GM_ratio
941,G_Ins_lg_and_S_cent_ins,Right,1.80040921645738,1.48488567605844,3.09959720478972,1.29918798833234,WM-GM_ratio
942,S_occipital_ant,Left,1.30778219891075,0.769958355064148,2.91920667634907,1.61142447743832,WM-GM_ratio
943,Lat_Fis-ant-Vertical,Right,3.02425278922434,2.85287683628278,3.90145468169299,0.877201892468656,WM-GM_ratio
944,G_temp_sup-Lateral,Left,1.50362780174273,0.863814441106863,2.84845120784351,1.34482340610078,WM-GM_ratio
945,G_and_S_paracentral,Left,0.934865065422558,0.661540619317868,2.31640763165141,1.38154256622885,WM-GM_ratio
946,S_parieto_occipital,Right,2.33079968412276,1.80525272623448,3.71615349348513,1.38535380936237,WM-GM_ratio
947,G_and_S_frontomargin,Left,0.0976808346969414,-0.399057596579684,1.39427433475216,1.29659350005522,WM-GM_ratio
948,G_occipital_middle,Right,3.23779786182944,2.86400892331584,4.2918385156385,1.05404065380906,WM-GM_ratio
949,Pole_temporal,Left,-0.187516788612,-0.65199489254597,1.77838493579258,1.96590172440458,WM-GM_ratio
950,G_postcentral,Left,0.315981133411038,-0.145763145066934,1.62850761595445,1.31252648254341,WM-GM_ratio
951,S_oc-temp_med_and_Lingual,Right,-0.112054077993561,-0.67525356809819,1.84966112824764,1.9617152062412,WM-GM_ratio
952,G_front_sup,Left,1.20263601556943,0.736227428724369,2.43280977181982,1.2301737562504,WM-GM_ratio
953,G_orbital,Right,0.302874973643276,-0.0830331127499101,1.67239357653585,1.36951860289258,WM-GM_ratio
954,S_circular_insula_sup,Left,2.73379318400025,2.34848543343522,3.76959237610449,1.03579919210424,WM-GM_ratio
955,S_cingul-Marginalis,Left,1.40149566958741,0.959668037966346,2.81024534764121,1.4087496780538,WM-GM_ratio
956,G_cuneus,Left,5.81036017064197,5.75440186864409,5.97996983013802,0.169609659496054,WM-GM_ratio
957,G_and_S_cingul-Ant,Left,0.821150102759921,0.446637561688683,2.0518329501799,1.23068284741998,WM-GM_ratio
958,S_temporal_inf,Left,0.871428195562074,0.209229387846044,2.87899075173031,2.00756255616823,WM-GM_ratio
959,S_oc_middle_and_Lunatus,Left,2.06112425580043,1.5398149150652,3.20044862577196,1.13932436997153,WM-GM_ratio
960,S_temporal_transverse,Left,1.81848590337101,1.05803847044132,3.14856532761961,1.3300794242486,WM-GM_ratio
961,S_oc-temp_lat,Left,3.28789255898697,3.05651574418389,4.46123407673891,1.17334151775194,WM-GM_ratio
962,S_front_sup,Left,1.1581024485874,0.679450294343988,2.33756205632372,1.17945960773631,WM-GM_ratio
963,S_subparietal,Left,0.0267092362443652,-0.744182025734482,1.85651482532918,1.82980558908482,WM-GM_ratio
964,G_temp_sup-Plan_polar,Left,2.25480472068162,1.86222899210494,3.41392388290139,1.15911916221977,WM-GM_ratio
965,G_oc-temp_lat-fusifor,Left,1.72506960441773,1.21803379741384,3.08977919740426,1.36470959298653,WM-GM_ratio
966,G_pariet_inf-Angular,Left,3.94792642831733,3.50188320081481,4.98322591954206,1.03529949122474,WM-GM_ratio
967,G_occipital_sup,Left,4.25715714538172,3.96427875441372,4.50700502509512,0.249847879713394,WM-GM_ratio
968,S_precentral-inf-part,Right,2.23524978948497,1.95957703996537,3.19802794169113,0.962778152206155,WM-GM_ratio
969,G_rectus,Left,0.221686014422964,-0.295483539558606,1.4817556527483,1.26006963832534,WM-GM_ratio
970,S_orbital_lateral,Right,1.85051249701111,1.54232632752468,2.87186823167683,1.02135573466572,WM-GM_ratio
971,S_pericallosal,Right,2.99165661270943,2.90943963070152,3.52158447266012,0.529927859950685,WM-GM_ratio
972,S_occipital_ant,Right,1.07864223392306,0.717694800097532,2.90619641171274,1.82755417778968,WM-GM_ratio
973,G_temporal_inf,Right,-0.834315284359084,-1.13755073134846,1.21050683643064,2.04482212078973,WM-GM_ratio
974,S_orbital_med-olfact,Left,0.787038022587999,0.343901749697376,2.00872690648025,1.22168888389225,WM-GM_ratio
975,G_temp_sup-G_T_transv,Right,-0.540247252282527,-0.941373441298164,1.17141400060042,1.71166125288295,WM-GM_ratio
976,S_calcarine,Left,2.74004766602432,2.13382708160306,4.11173178053796,1.37168411451364,WM-GM_ratio
977,G_oc-temp_med-Lingual,Right,0.603071112005903,0.119582132077256,2.28791979237421,1.68484868036831,WM-GM_ratio
978,G_and_S_frontomargin,Right,1.47358020359579,1.1681789357224,2.52439854238464,1.05081833878885,WM-GM_ratio
979,G_and_S_cingul-Mid-Post,Left,0.936299070048678,0.364478412246817,2.10289995329087,1.16660088324219,WM-GM_ratio
980,G_front_inf-Opercular,Right,3.41803849454451,3.17506691619669,4.02738100427677,0.609342509732257,WM-GM_ratio
981,G_postcentral,Right,4.77586510049221,4.77383762091056,5.19945459262722,0.423589492135009,WM-GM_ratio
982,G_and_S_subcentral,Left,1.32650979269696,0.828973167602674,2.71383658263079,1.38732678993383,WM-GM_ratio
983,S_front_inf,Right,3.61416187518018,3.19523377975809,4.49708198564033,0.882920110460147,WM-GM_ratio
984,G_precentral,Left,1.86416980991871,1.64500373285848,3.27524058845163,1.41107077853293,WM-GM_ratio
985,G_front_sup,Right,1.61960022340936,1.26002694385851,2.52870248309071,0.909102259681354,WM-GM_ratio
986,G_subcallosal,Right,6.8032318336979,6.40106867812715,7.01554139612428,0.212309562426382,WM-GM_ratio
987,S_circular_insula_sup,Right,4.01089676799617,3.8393367581962,4.82377536600762,0.812878598011452,WM-GM_ratio
988,S_circular_insula_inf,Left,3.11495109991165,2.74558660544966,3.67891283392946,0.563961734017807,WM-GM_ratio
989,G_and_S_occipital_inf,Left,0.22041910611799,-0.42322093361863,1.68231330472399,1.46189419860601,WM-GM_ratio
990,G_cuneus,Right,2.08780641431737,1.61695367607932,3.37668087220284,1.28887445788547,WM-GM_ratio
991,G_front_inf-Triangul,Left,1.5942184109226,1.21544120841828,2.84496279487625,1.25074438395365,WM-GM_ratio
992,S_intrapariet_and_P_trans,Left,2.99475524589915,2.51682418239431,4.06663184894955,1.0718766030504,WM-GM_ratio
993,S_collat_transv_post,Left,0.471092778058627,-0.175010547129254,2.17438635803597,1.70329357997734,WM-GM_ratio
994,G_insular_short,Left,4.46522742086272,4.30619761950521,5.12100580863948,0.65577838777676,WM-GM_ratio
995,G_temp_sup-Plan_tempo,Left,1.23551083013053,0.715350841579928,2.60218246139494,1.36667163126441,WM-GM_ratio
996,S_postcentral,Right,4.20670135250361,3.83644164678213,5.07972286663838,0.873021514134771,WM-GM_ratio
997,S_oc-temp_lat,Right,0.0785464556019216,-0.489827529116123,1.8382836214616,1.75973716585968,WM-GM_ratio
998,S_orbital-H_Shaped,Right,0.29112814904977,-0.255696464922965,1.71728932703129,1.42616117798152,WM-GM_ratio
999,G_oc-temp_med-Parahip,Left,0.269710655179287,-0.275198166328317,2.07039187555509,1.8006812203758,WM-GM_ratio
1000,G_precuneus,Right,3.65625857648434,3.34204520448279,4.32103064556144,0.664772069077101,WM-GM_ratio
1001,Lat_Fis-ant-Horizont,Left,3.73243943561939,3.48623090496926,4.70089991874899,0.9684604831296,WM-GM_ratio
1002,G_front_middle,Right,2.67400916393363,2.40707952632638,3.57446366888179,0.900454504948158,WM-GM_ratio
1003,G_pariet_inf-Supramar,Left,0.970802634604258,0.519381179981059,2.42673035971367,1.45592772510941,WM-GM_ratio
1004,S_suborbital,Right,1.7882585252327,1.74545839721261,2.43218485792526,0.643926332692562,WM-GM_ratio
1005,S_precentral-sup-part,Left,1.75535361963453,1.25556698489452,3.08710743549042,1.33175381585588,WM-GM_ratio
1006,G_oc-temp_lat-fusifor,Right,-0.089811196539154,-0.56369221469378,1.82617585232612,1.91598704886528,WM-GM_ratio
1007,S_interm_prim-Jensen,Left,0.868493273258471,0.316626330804465,2.43743718132594,1.56894390806747,WM-GM_ratio
1008,G_pariet_inf-Angular,Right,1.95785513474257,1.47524169239182,3.22915807979661,1.27130294505405,WM-GM_ratio
1009,G_occipital_sup,Right,4.09726624125696,3.92818216828396,4.7391546671896,0.641888425932641,WM-GM_ratio
1010,G_cingul-Post-ventral,Left,3.48022868383817,3.13835807907882,4.69512682658527,1.2148981427471,WM-GM_ratio
1011,S_collat_transv_ant,Left,4.2323395263424,3.99452443074278,5.54147364220835,1.30913411586595,WM-GM_ratio
1012,S_temporal_sup,Left,2.20258873849994,1.77078351422696,3.45875665692183,1.2561679184219,WM-GM_ratio
1013,G_Ins_lg_and_S_cent_ins,Left,3.20433539727632,2.81842565044437,4.10143210441877,0.897096707142448,WM-GM_ratio
1014,G_parietal_sup,Right,2.17290062842842,1.98108253635334,2.83729796697827,0.66439733854985,WM-GM_ratio
1015,G_front_inf-Orbital,Left,0.326725576369241,-0.0104324040829806,1.73084693519735,1.40412135882811,WM-GM_ratio
1016,Pole_occipital,Left,1.73710406801704,1.33470391457655,2.66128713851665,0.924183070499617,WM-GM_ratio
1017,S_central,Left,1.50105505256295,1.07579350615399,2.94674870063482,1.44569364807187,WM-GM_ratio
1018,Lat_Fis-ant-Vertical,Left,1.29424353425242,0.982266400044827,2.57666846606039,1.28242493180797,WM-GM_ratio
1019,S_oc_sup_and_transversal,Left,3.80630787466069,3.58521844469251,4.48501047606578,0.678702601405086,WM-GM_ratio
1020,G_temp_sup-Lateral,Right,0.731991222867848,0.252999288062139,2.2396480461842,1.50765682331635,WM-GM_ratio
1021,G_and_S_paracentral,Right,1.76094160577021,1.50876328180472,2.77886350328931,1.0179218975191,WM-GM_ratio
1022,S_front_middle,Left,1.27252400538453,1.0209057560439,2.47706501072451,1.20454100533997,WM-GM_ratio
1023,G_precentral,Right,2.08298278234494,1.91012419152745,3.21306694172139,1.13008415937645,WM-GM_ratio
1024,Pole_temporal,Right,-0.276908303775109,-0.393968667870267,1.5130014449634,1.78990974873851,WM-GM_ratio
1025,S_oc-temp_med_and_Lingual,Left,3.28205178466515,2.85778192484358,4.38941561454858,1.10736382988343,WM-GM_ratio
1026,G_orbital,Left,0.0634242359319051,-0.312946360907086,1.60401323405131,1.54058899811941,WM-GM_ratio
1027,Lat_Fis-post,Left,0.440956601735456,-0.122050411996159,1.96357602922853,1.52261942749307,WM-GM_ratio
1028,S_circular_insula_ant,Left,1.2653950121878,0.888465076569517,2.65446699889782,1.38907198671002,WM-GM_ratio
1029,S_collat_transv_post,Right,-0.23962138594611,-0.738707277075083,1.56776206106897,1.80738344701508,WM-GM_ratio
1030,G_insular_short,Right,1.74951466485834,1.54931055904855,3.09242302410956,1.34290835925123,WM-GM_ratio
1031,S_cingul-Marginalis,Right,3.17898484309042,2.79487869777459,4.13880446297944,0.959819619889024,WM-GM_ratio
1032,G_temporal_middle,Left,2.44145324011921,1.8984570359742,3.88847923677131,1.4470259966521,WM-GM_ratio
1033,Lat_Fis-ant-Horizont,Right,1.20059721564417,0.765990314852506,2.45155683197226,1.25095961632809,WM-GM_ratio
1034,G_and_S_cingul-Ant,Right,1.78238908901715,1.44136669606627,2.61898932852811,0.836600239510962,WM-GM_ratio
1035,S_temporal_inf,Right,0.0194279916340062,-0.424672241434769,1.87598272706445,1.85655473543044,WM-GM_ratio
1036,S_oc_middle_and_Lunatus,Average,1.57784228366124,1.00174512000971,2.91263265656712,1.33479037290588,WM-GM_ratio
1037,S_temporal_transverse,Average,1.46439612432363,0.860860182849154,3.18572131293705,1.72132518861342,WM-GM_ratio
1038,S_front_sup,Average,1.25747540723137,0.831889861921416,2.33853637886748,1.08106097163611,WM-GM_ratio
1039,S_subparietal,Average,1.31937736737921,0.745709682167853,2.83519649382791,1.5158191264487,WM-GM_ratio
1040,G_temp_sup-Plan_polar,Average,1.40528223920047,1.13810488771095,2.68296495777493,1.27768271857446,WM-GM_ratio
1041,G_and_S_transv_frontopol,Average,0.401593257258816,0.0641339313384948,1.22876305638714,0.827169799128323,WM-GM_ratio
1042,G_rectus,Average,1.78319911591258,1.46340208718119,2.74227678775755,0.959077671844974,WM-GM_ratio
1043,S_orbital_lateral,Average,1.40323175115319,1.20151234874402,2.42736808422997,1.02413633307679,WM-GM_ratio
1044,G_cingul-Post-dorsal,Average,1.49460284478068,1.15847900294573,2.98386542604315,1.48926258126248,WM-GM_ratio
1045,G_and_S_cingul-Mid-Ant,Average,0.879297751555318,0.597898607058634,2.09642007255675,1.21712232100144,WM-GM_ratio
1046,G_front_inf-Orbital,Average,0.30249818765604,-0.0999613967743933,1.65336696203174,1.3508687743757,WM-GM_ratio
1047,G_temporal_inf,Average,-0.146120563509289,-0.581515915774639,1.83497650716655,1.98109707067584,WM-GM_ratio
1048,Pole_occipital,Average,0.923703576099176,0.552651632576742,2.22060939244733,1.29690581634815,WM-GM_ratio
1049,S_central,Average,2.90039792315006,2.59207387802065,3.90209409058655,1.00169616743649,WM-GM_ratio
1050,G_temp_sup-G_T_transv,Average,1.09367863666051,0.606848568836579,2.43420198703026,1.34052335036975,WM-GM_ratio
1051,S_orbital_med-olfact,Average,0.981433152485751,0.6857874183045,2.06640577370358,1.08497262121783,WM-GM_ratio
1052,G_oc-temp_med-Lingual,Average,1.90225211298416,1.44984094329603,3.3081333143326,1.40588120134845,WM-GM_ratio
1053,S_oc_sup_and_transversal,Average,2.72372366704492,2.39416712674626,3.58369459121121,0.859970924166282,WM-GM_ratio
1054,S_calcarine,Average,2.45555780910292,1.82166384323119,3.97282501924816,1.51726721014524,WM-GM_ratio
1055,S_front_middle,Average,1.92955341789862,1.65372897351038,2.98680536754601,1.05725194964739,WM-GM_ratio
1056,S_parieto_occipital,Average,2.79900561351147,2.30473207518027,4.0939510221287,1.29494540861723,WM-GM_ratio
1057,G_and_S_cingul-Mid-Post,Average,1.4422221298859,1.01270102526203,2.45110365919731,1.00888152931141,WM-GM_ratio
1058,G_front_inf-Opercular,Average,2.53057383516316,2.18751618811516,3.33773531776866,0.807161482605505,WM-GM_ratio
1059,S_front_inf,Average,2.8138256839126,2.41789358755243,3.83515698223421,1.02133129832161,WM-GM_ratio
1060,G_occipital_middle,Average,3.06576481903208,2.71310898471091,4.06375738778755,0.997992568755467,WM-GM_ratio
1061,G_and_S_subcentral,Average,1.59314084792551,1.14609321943865,2.85144586994979,1.25830502202428,WM-GM_ratio
1062,G_subcallosal,Average,3.81676971140176,3.21546169401301,4.53831671442025,0.721547003018493,WM-GM_ratio
1063,Lat_Fis-post,Average,0.696411352005675,0.114041291527157,2.44194877675759,1.74553742475192,WM-GM_ratio
1064,S_circular_insula_ant,Average,1.03200268897247,0.708537864533539,2.39744095460725,1.36543826563477,WM-GM_ratio
1065,S_circular_insula_inf,Average,2.35035838508108,2.08099173968639,3.15080335970902,0.800444974627942,WM-GM_ratio
1066,G_and_S_occipital_inf,Average,0.552988290269339,0.0510815932916211,1.9433654989248,1.39037720865546,WM-GM_ratio
1067,G_front_inf-Triangul,Average,2.49069440851046,2.07435437670456,3.46885509456104,0.978160686050582,WM-GM_ratio
1068,S_intrapariet_and_P_trans,Average,2.3577291264321,1.93935433258455,3.42548009122321,1.0677509647911,WM-GM_ratio
1069,G_temporal_middle,Average,1.37050281214215,0.893175430671375,2.98171435710553,1.61121154496338,WM-GM_ratio
1070,S_postcentral,Average,2.60895126129314,2.24377073575658,3.71243925509153,1.10348799379839,WM-GM_ratio
1071,G_temp_sup-Plan_tempo,Average,1.07859022537739,0.558023535436586,2.57899641724111,1.50040619186372,WM-GM_ratio
1072,S_orbital-H_Shaped,Average,0.347496540851544,-0.103422891691071,1.81817150520169,1.47067496435015,WM-GM_ratio
1073,G_precuneus,Average,2.30552506458595,1.91670911969613,3.31118145513815,1.0056563905522,WM-GM_ratio
1074,G_front_middle,Average,1.84249776940191,1.5222361048751,2.91336667133877,1.07086890193686,WM-GM_ratio
1075,G_oc-temp_med-Parahip,Average,0.151044814300598,-0.295303974686875,1.91758240633593,1.76653759203533,WM-GM_ratio
1076,S_suborbital,Average,0.957582144082633,0.67523863996293,1.90060155638358,0.943019412300951,WM-GM_ratio
1077,G_pariet_inf-Supramar,Average,2.03058527971572,1.59259595739448,3.30160132446851,1.27101604475278,WM-GM_ratio
1078,S_precentral-sup-part,Average,2.34493248236643,1.98606278052965,3.44715884239734,1.10222636003091,WM-GM_ratio
1079,S_interm_prim-Jensen,Average,2.06411015379111,1.45523355708822,3.43917869571681,1.3750685419257,WM-GM_ratio
1080,S_precentral-inf-part,Average,1.79583774555555,1.44863798317437,2.8631772026797,1.06733945712414,WM-GM_ratio
1081,G_cingul-Post-ventral,Average,2.22184361953938,1.89819874254211,3.61974625177851,1.39790263223913,WM-GM_ratio
1082,S_collat_transv_ant,Average,1.84989396066239,1.66551500899526,3.38232477862604,1.53243081796366,WM-GM_ratio
1083,S_temporal_sup,Average,1.74326916832801,1.30266215120508,3.16479592005091,1.4215267517229,WM-GM_ratio
1084,G_parietal_sup,Average,1.77990648919152,1.50693531815459,2.59447344752457,0.814566958333051,WM-GM_ratio
1085,S_pericallosal,Average,3.71425729618623,3.53034816787804,4.37365217236515,0.659394876178918,WM-GM_ratio
1086,G_Ins_lg_and_S_cent_ins,Average,2.50237230686685,2.1516556632514,3.60051465460425,1.09814234773739,WM-GM_ratio
1087,S_occipital_ant,Average,1.1932122164169,0.74382657758084,2.9127015440309,1.719489327614,WM-GM_ratio
1088,Lat_Fis-ant-Vertical,Average,2.15924816173838,1.9175716181638,3.23906157387669,1.07981341213832,WM-GM_ratio
1089,G_temp_sup-Lateral,Average,1.11780951230529,0.558406864584501,2.54404962701385,1.42624011470857,WM-GM_ratio
1090,G_and_S_paracentral,Average,1.34790333559639,1.08515195056129,2.54763556747036,1.19973223187398,WM-GM_ratio
1091,G_and_S_frontomargin,Average,0.785630519146365,0.384560669571358,1.9593364385684,1.17370591942204,WM-GM_ratio
1092,Pole_temporal,Average,-0.232212546193555,-0.522981780208118,1.64569319037799,1.87790573657155,WM-GM_ratio
1093,G_postcentral,Average,2.54592311695162,2.31403723792181,3.41398110429083,0.868057987339211,WM-GM_ratio
1094,S_oc-temp_med_and_Lingual,Average,1.5849988533358,1.09126417837269,3.11953837139811,1.53453951806231,WM-GM_ratio
1095,G_front_sup,Average,1.41111811948939,0.998127186291438,2.48075612745527,1.06963800796588,WM-GM_ratio
1096,G_orbital,Average,0.183149604787591,-0.197989736828498,1.63820340529358,1.45505380050599,WM-GM_ratio
1097,S_circular_insula_sup,Average,3.37234497599821,3.09391109581571,4.29668387105606,0.924338895057845,WM-GM_ratio
1098,S_cingul-Marginalis,Average,2.29024025633891,1.87727336787047,3.47452490531032,1.18428464897141,WM-GM_ratio
1099,G_cuneus,Average,3.94908329247967,3.68567777236171,4.67832535117043,0.729242058690761,WM-GM_ratio
1100,G_and_S_cingul-Ant,Average,1.30176959588854,0.944002128877478,2.33541113935401,1.03364154346547,WM-GM_ratio
1101,S_temporal_inf,Average,0.44542809359804,-0.107721426794363,2.37748673939738,1.93205864579934,WM-GM_ratio
1102,S_oc-temp_lat,Average,1.68321950729445,1.28334410753388,3.14975884910025,1.46653934180581,WM-GM_ratio
1103,G_oc-temp_lat-fusifor,Average,0.817629203939289,0.327170791360032,2.45797752486519,1.6403483209259,WM-GM_ratio
1104,G_pariet_inf-Angular,Average,2.95289078152995,2.48856244660332,4.10619199966934,1.15330121813939,WM-GM_ratio
1105,G_occipital_sup,Average,4.17721169331934,3.94623046134884,4.62307984614236,0.445868152823018,WM-GM_ratio
1106,G_precentral,Average,1.97357629613182,1.77756396219296,3.24415376508651,1.27057746895469,WM-GM_ratio
1107,S_collat_transv_post,Average,0.115735696056259,-0.456858912102168,1.87107420955247,1.75533851349621,WM-GM_ratio
1108,G_insular_short,Average,3.10737104286053,2.92775408927688,4.10671441637452,0.999343373513993,WM-GM_ratio
1109,Lat_Fis-ant-Horizont,Average,2.46651832563178,2.12611060991088,3.57622837536063,1.10971004972885,WM-GM_ratio
